Symbol,Security Name
ABL,"Abacus Life, Inc. - Class A Common Stock"
ABLLL,"Abacus Life, Inc. - 9.875% Fixed Rate Senior Notes due 2028"
ABLLL,"Abacus Life, Inc. - 9.875% Fixed Rate Senior Notes due 2028"
ABLLW,"Abacus Life, Inc. - Warrant"
ABLV,Able View Global Inc. - Class B Ordinary Shares
ABLVW,Able View Global Inc. - Warrant
ABP,"Abpro Holdings, Inc - Common Stock"
ABPWW,"Abpro Holdings, Inc - Warrant"
ABVE,Above Food Ingredients Inc. - Common Stock
ABVEW,Above Food Ingredients Inc. - Warrant
ACGL,Arch Capital Group Ltd. - Common Stock
ACGLN,"Arch Capital Group Ltd. - Depositary Shares, each Representing a 1/1,000th Interest in a 4.550% Non-Cumulative Preferred Share, Series G"
ACGLN,"Arch Capital Group Ltd. - Depositary Shares, each Representing a 1/1,000th Interest in a 4.550% Non-Cumulative Preferred Share, Series G"
ACGLO,"Arch Capital Group Ltd. - Depositary Shares Each Representing 1/1,000th Interest in a Share of5.45% Non-Cumulative Preferred Shares, Series F"
ACON,"Aclarion, Inc. - Common Stock"
ACONW,"Aclarion, Inc. - Warrant"
ACWI,iShares MSCI ACWI ETF
ACWX,iShares MSCI ACWI ex U.S. ETF
ADN,"Advent Technologies Holdings, Inc. - Class A Common Stock"
ADNWW,"Advent Technologies Holdings, Inc. - Warrant"
ADSE,ADS-TEC ENERGY PLC - Ordinary Shares
ADSEW,ADS-TEC ENERGY PLC - Warrant
AENT,Alliance Entertainment Holding Corporation - common stock
AENTW,Alliance Entertainment Holding Corporation - Warrants
AERT,"Aeries Technology, Inc. - Class A Ordinary Share"
AERTW,"Aeries Technology, Inc. - Warrant"
AFJK,"Aimei Health Technology Co., Ltd - Ordinary Share"
AFJKR,"Aimei Health Technology Co., Ltd - Right"
AFJKR,"Aimei Health Technology Co., Ltd - Right"
AFJKU,"Aimei Health Technology Co., Ltd - Unit"
AFRI,Forafric Global PLC - Ordinary Shares
AFRIW,Forafric Global PLC - Warrants
AGNC,AGNC Investment Corp. - Common Stock
AGNCL,"AGNC Investment Corp. - Depositary Shares Each Representing a 1/1,000th Interest in a Share of 7.75% Series G Fixed-Rate Reset Cumulative Redeemable Preferred Stock"
AGNCL,"AGNC Investment Corp. - Depositary Shares Each Representing a 1/1,000th Interest in a Share of 7.75% Series G Fixed-Rate Reset Cumulative Redeemable Preferred Stock"
AGNCM,AGNC Investment Corp. - Depositary Shares rep 6.875% Series D Fixed-to-Floating Cumulative Redeemable Preferred Stock
AGNCM,AGNC Investment Corp. - Depositary Shares rep 6.875% Series D Fixed-to-Floating Cumulative Redeemable Preferred Stock
AGNCN,"AGNC Investment Corp. - Depositary Shares Each Representing a 1/1,000th Interest in a Share of 7.00% Series C Fixed-To-Floating Rate Cumulative Redeemable Preferred Stock"
AGNCN,"AGNC Investment Corp. - Depositary Shares Each Representing a 1/1,000th Interest in a Share of 7.00% Series C Fixed-To-Floating Rate Cumulative Redeemable Preferred Stock"
AGNCO,"AGNC Investment Corp. - Depositary Shares, each representing a 1/1,000th interest in a share of Series E Fixed-to-Floating Cumulative Redeemable Preferred Stock"
AGNCO,"AGNC Investment Corp. - Depositary Shares, each representing a 1/1,000th interest in a share of Series E Fixed-to-Floating Cumulative Redeemable Preferred Stock"
AGNCP,"AGNC Investment Corp. - Depositary Shares Each Representing a 1/1,000th Interest in a Share of 6.125% Series F Fixed-to-Floating Rate Cumulative Redeemable Preferred Stock"
AIMAU,Aimfinity Investment Corp. I - Unit
AIMAW,Aimfinity Investment Corp. I - Warrant
AIMAW,Aimfinity Investment Corp. I - Warrant
AIMBU,Aimfinity Investment Corp. I - Subunit
AIMD,"Ainos, Inc. - Common Stock"
AIMDW,"Ainos, Inc. - warrants"
AIRJ,AirJoule Technologies Corporation - Class A Common Stock
AIRJW,AirJoule Technologies Corporation - Warrant
AIRT,"Air T, Inc. - Common Stock"
AIRTP,"Air T, Inc. - Trust Preferred Securities"
AISP,"Airship AI Holdings, Inc - Class A Common Stock"
AISPW,"Airship AI Holdings, Inc - Warrants"
AITR,AI TRANSPORTATION ACQUISITION CORP - Ordinary shares
AITRR,AI TRANSPORTATION ACQUISITION CORP - Right
AITRR,AI TRANSPORTATION ACQUISITION CORP - Right
AITRU,AI TRANSPORTATION ACQUISITION CORP - Unit
ALCY,Alchemy Investments Acquisition Corp 1 - Class A Ordinary Shares
ALCYU,Alchemy Investments Acquisition Corp 1 - Units
ALCYU,Alchemy Investments Acquisition Corp 1 - Units
ALCYW,Alchemy Investments Acquisition Corp 1 - Warrants
ALDF,Aldel Financial II Inc. - Class A Ordinary Shares
ALDFU,Aldel Financial II Inc. - Units
ALDFU,Aldel Financial II Inc. - Units
ALDFW,Aldel Financial II Inc. - Warrants
ALF,Centurion Acquisition Corp. - Class A Ordinary Shares
ALFUU,Centurion Acquisition Corp. - Unit
ALFUU,Centurion Acquisition Corp. - Unit
ALFUW,Centurion Acquisition Corp. - Warrant
ALVO,Alvotech - Ordinary Shares
ALVOW,Alvotech - Warrant
AMDL,GraniteShares 2x Long AMD Daily ETF
AMDS,GraniteShares 1x Short AMD Daily ETF
AMOD,"Alpha Modus Holdings, Inc. - Class A Common Stock"
AMODW,"Alpha Modus Holdings, Inc. - Warrant"
AMPG,"Amplitech Group, Inc. - Common Stock"
AMPGW,"Amplitech Group, Inc. - Warrants"
ANGH,Anghami Inc. - Ordinary Shares
ANGHW,Anghami Inc. - Warrants
ANNA,"AleAnna, Inc. - Class A Common Stock"
ANNAW,"AleAnna, Inc. - Warrant"
ANSC,Agriculture & Natural Solutions Acquisition Corporation - Class A Ordinary Shares
ANSCU,Agriculture & Natural Solutions Acquisition Corporation - Unit
ANSCU,Agriculture & Natural Solutions Acquisition Corporation - Unit
ANSCW,Agriculture & Natural Solutions Acquisition Corporation - Warrant
APCX,AppTech Payments Corp. - Common stock
APCXW,AppTech Payments Corp. - Warrant
APLM,Apollomics Inc. - Class A Ordinary Shares
APLMW,Apollomics Inc. - Warrant
AQU,Aquaron Acquisition Corp. - Common Stock
AQUNR,Aquaron Acquisition Corp. - Rights
AQUNR,Aquaron Acquisition Corp. - Rights
AQUNU,Aquaron Acquisition Corp. - Units
ARBE,Arbe Robotics Ltd. - Ordinary Shares
ARBEW,Arbe Robotics Ltd. - Warrant
ARBK,Argo Blockchain plc - American Depositary Shares
ARBKL,Argo Blockchain plc - 8.75% Senior Notes due 2026
AREB,"American Rebel Holdings, Inc. - Common Stock"
AREBW,"American Rebel Holdings, Inc. - warrants"
AREBW,"American Rebel Holdings, Inc. - warrants"
AREC,American Resources Corporation - Class A Common Stock
ARKO,ARKO Corp. - Common Stock
ARKOW,ARKO Corp. - Warrant
ARQQ,Arqit Quantum Inc. - Ordinary Shares
ARQQW,Arqit Quantum Inc. - Warrants
ASPC,A SPAC III Acquisition Corp. - Class A Ordinary Shares
ASPCR,A SPAC III Acquisition Corp. - Right
ASPCR,A SPAC III Acquisition Corp. - Right
ASPCU,A SPAC III Acquisition Corp. - Unit
ASTL,Algoma Steel Group Inc. - Common Shares
ASTLW,Algoma Steel Group Inc. - Warrant
ATLC,Atlanticus Holdings Corporation - Common Stock
ATLCL,Atlanticus Holdings Corporation - 6.125% Senior Notes due 2026
ATLCL,Atlanticus Holdings Corporation - 6.125% Senior Notes due 2026
ATLCP,"Atlanticus Holdings Corporation - 7.625% Series B Cumulative Perpetual Preferred Stock, no par value per share"
ATLCP,"Atlanticus Holdings Corporation - 7.625% Series B Cumulative Perpetual Preferred Stock, no par value per share"
ATLCZ,Atlanticus Holdings Corporation - 9.25% Senior Notes due 2029
ATMC,AlphaTime Acquisition Corp - Ordinary Shares
ATMCR,AlphaTime Acquisition Corp - Right
ATMCR,AlphaTime Acquisition Corp - Right
ATMCU,AlphaTime Acquisition Corp - Unit
ATMCU,AlphaTime Acquisition Corp - Unit
ATMCW,AlphaTime Acquisition Corp - Warrant
ATMV,AlphaVest Acquisition Corp - Ordinary Shares
ATMVR,AlphaVest Acquisition Corp - Right
ATMVR,AlphaVest Acquisition Corp - Right
ATMVU,AlphaVest Acquisition Corp - Unit
ATNF,180 Life Sciences Corp. - Common Stock
ATNFW,180 Life Sciences Corp. - Warrant
AUUD,Auddia Inc. - Common Stock
AUUDW,Auddia Inc. - Warrants
AVPT,"AvePoint, Inc. - Class A Common Stock"
AVPTW,"AvePoint, Inc. - Warrant"
BACQ,Bleichroeder Acquisition Corp. I - Class A Ordinary Shares
BACQR,Bleichroeder Acquisition Corp. I - Right
BACQR,Bleichroeder Acquisition Corp. I - Right
BACQU,Bleichroeder Acquisition Corp. I - Unit
BAER,"Bridger Aerospace Group Holdings, Inc. - Common Stock"
BAERW,"Bridger Aerospace Group Holdings, Inc. - Warrant"
BANF,BancFirst Corporation - Common Stock
BANFP,BancFirst Corporation - 7.2% Cumulative Trust Preferred Securities
BATRA,"Atlanta Braves Holdings, Inc. - Series A Common Stock"
BATRK,"Atlanta Braves Holdings, Inc. - Series C Common Stock"
BAYA,Bayview Acquisition Corp - Ordinary Share
BAYAR,Bayview Acquisition Corp - Right
BAYAR,Bayview Acquisition Corp - Right
BAYAU,Bayview Acquisition Corp - Unit
BBLG,Bone Biologics Corp - Common Stock
BBLGW,Bone Biologics Corp - warrants
BCG,"Binah Capital Group, Inc. - Common Stock"
BCGWW,"Binah Capital Group, Inc. - Warrants"
BCTX,BriaCell Therapeutics Corp. - Common Shares
BCTXW,BriaCell Therapeutics Corp. - Warrant
BDMD,Baird Medical Investment Holdings Ltd - Ordinary Share
BDMDW,Baird Medical Investment Holdings Ltd - Warrant
BEAG,Bold Eagle Acquisition Corp. - Class A Ordinary Shares
BEAGR,Bold Eagle Acquisition Corp. - Right
BEAGR,Bold Eagle Acquisition Corp. - Right
BEAGU,Bold Eagle Acquisition Corp. - Units
BEAT,"Heartbeam, Inc. - Common Stock"
BEATW,"Heartbeam, Inc. - Warrant"
BELFA,Bel Fuse Inc. - Class A Common Stock
BELFB,Bel Fuse Inc. - Class B Common Stock
BENF,Beneficient - Class A Common Stock
BENFW,Beneficient - Warrant
BETR,Better Home & Finance Holding Company - Class A Common Stock
BETRW,Better Home & Finance Holding Company - Warrant
BFRG,"Bullfrog AI Holdings, Inc. - Common Stock"
BFRGW,"Bullfrog AI Holdings, Inc. - Warrants"
BFRI,Biofrontera Inc. - Common Stock
BFRIW,Biofrontera Inc. - Warrants
BGRN,iShares USD Green Bond ETF
BGRO,iShares Large Cap Growth Active ETF
BHF,"Brighthouse Financial, Inc. - Common Stock"
BHFAL,"Brighthouse Financial, Inc. - Junior Subordinated Debentures due 2058"
BHFAL,"Brighthouse Financial, Inc. - Junior Subordinated Debentures due 2058"
BHFAM,"Brighthouse Financial, Inc. - Depositary shares each representing a 1/1,000th Interest in a Share of 4.625% Non-Cumulative Preferred Stock, Series D"
BHFAM,"Brighthouse Financial, Inc. - Depositary shares each representing a 1/1,000th Interest in a Share of 4.625% Non-Cumulative Preferred Stock, Series D"
BHFAN,"Brighthouse Financial, Inc. - depositary shares, each representing a 1/1,000th interest in a share of 5.375% Non-Cumulative Preferred Stock, Series C"
BHFAN,"Brighthouse Financial, Inc. - depositary shares, each representing a 1/1,000th interest in a share of 5.375% Non-Cumulative Preferred Stock, Series C"
BHFAO,"Brighthouse Financial, Inc. - Depositary Shares, each representing a 1/1,000th interest in a share of 6.750% Non-Cumulative Preferred Stock, Series B"
BHFAO,"Brighthouse Financial, Inc. - Depositary Shares, each representing a 1/1,000th interest in a share of 6.750% Non-Cumulative Preferred Stock, Series B"
BHFAP,"Brighthouse Financial, Inc. - Depositary Shares 6.6% Non-Cumulative Preferred Stock, Series A"
BIAF,"bioAffinity Technologies, Inc. - Common Stock"
BIAFW,"bioAffinity Technologies, Inc. - Warrant"
BKHA,Black Hawk Acquisition Corporation - Class A Ordinary Shares
BKHAR,Black Hawk Acquisition Corporation - Rights
BKHAR,Black Hawk Acquisition Corporation - Rights
BKHAU,Black Hawk Acquisition Corporation - Units
BLAC,Bellevue Life Sciences Acquisition Corp. - Common Stock
BLACR,Bellevue Life Sciences Acquisition Corp. - Rights
BLACR,Bellevue Life Sciences Acquisition Corp. - Rights
BLACU,Bellevue Life Sciences Acquisition Corp. - Unit
BLACU,Bellevue Life Sciences Acquisition Corp. - Unit
BLACW,Bellevue Life Sciences Acquisition Corp. - Warrant
BLDE,"Blade Air Mobility, Inc. - Class A Common Stock"
BLDEW,"Blade Air Mobility, Inc. - Warrants"
BNAI,Brand Engagement Network Inc. - Common Stock
BNAIW,Brand Engagement Network Inc. - Warrant
BND,Vanguard Total Bond Market ETF
BNDW,Vanguard Total World Bond ETF
BNDW,Vanguard Total World Bond ETF
BNDX,Vanguard Total International Bond ETF
BNIX,Bannix Acquisition Corp. - Common Stock
BNIXR,Bannix Acquisition Corp. - Right
BNIXR,Bannix Acquisition Corp. - Right
BNIXW,Bannix Acquisition Corp. - Warrant
BNZI,"Banzai International, Inc. - Class A Common Stock"
BNZIW,"Banzai International, Inc. - Warrant"
BOWN,Bowen Acquisition Corp - Ordinary Shares
BOWNR,Bowen Acquisition Corp - Rights
BOWNR,Bowen Acquisition Corp - Rights
BOWNU,Bowen Acquisition Corp - Unit
BPOP,"Popular, Inc. - Common Stock"
BPOPM,"Popular, Inc. - Popular Capital Trust II - 6.125% Cumulative Monthly Income Trust Preferred Securities"
BPYPM,"Brookfield Property Partners L.P. - 6.25% Class A Cumulative Redeemable Preferred Units, Series 1"
BPYPN,"Brookfield Property Partners L.P. - 5.750% Class A Cumulative Redeemable Perpetual Preferred Units, Series 3"
BPYPN,"Brookfield Property Partners L.P. - 5.750% Class A Cumulative Redeemable Perpetual Preferred Units, Series 3"
BPYPO,"Brookfield Property Partners L.P. - 6.375% Class A Cumulative Redeemable Perpetual Preferred Units, Series 2"
BPYPO,"Brookfield Property Partners L.P. - 6.375% Class A Cumulative Redeemable Perpetual Preferred Units, Series 2"
BPYPP,Brookfield Property Partners L.P. - 6.50% Class A Cumulative Redeemable Perpetual Preferred Units
BRAC,Broad Capital Acquisition Corp - Common Stock
BRACR,Broad Capital Acquisition Corp - Rights
BRACR,Broad Capital Acquisition Corp - Rights
BRACU,Broad Capital Acquisition Corp - Units
BRLS,Borealis Foods Inc. - Class A Common Shares
BRLSW,Borealis Foods Inc. - Warrant
BSCP,Invesco BulletShares 2025 Corporate Bond ETF
BSCQ,Invesco BulletShares 2026 Corporate Bond ETF
BSCQ,Invesco BulletShares 2026 Corporate Bond ETF
BSCR,Invesco BulletShares 2027 Corporate Bond ETF
BSCR,Invesco BulletShares 2027 Corporate Bond ETF
BSCS,Invesco BulletShares 2028 Corporate Bond ETF
BSCS,Invesco BulletShares 2028 Corporate Bond ETF
BSCT,Invesco BulletShares 2029 Corporate Bond ETF
BSCT,Invesco BulletShares 2029 Corporate Bond ETF
BSCU,Invesco BulletShares 2030 Corporate Bond ETF
BSCU,Invesco BulletShares 2030 Corporate Bond ETF
BSCV,Invesco BulletShares 2031 Corporate Bond ETF
BSCV,Invesco BulletShares 2031 Corporate Bond ETF
BSCW,Invesco BulletShares 2032 Corporate Bond ETF
BSCW,Invesco BulletShares 2032 Corporate Bond ETF
BSCX,Invesco BulletShares 2033 Corporate Bond ETF
BSCX,Invesco BulletShares 2033 Corporate Bond ETF
BSCY,Invesco BulletShares 2034 Corporate Bond ETF
BSII,Black Spade Acquisition II Co - Class A Ordinary Share
BSIIU,Black Spade Acquisition II Co - unit
BSIIU,Black Spade Acquisition II Co - unit
BSIIW,Black Spade Acquisition II Co - Warrant
BSJP,Invesco BulletShares 2025 High Yield Corporate Bond ETF
BSJQ,Invesco BulletShares 2026 High Yield Corporate Bond ETF
BSJQ,Invesco BulletShares 2026 High Yield Corporate Bond ETF
BSJR,Invesco BulletShares 2027 High Yield Corporate Bond ETF
BSJR,Invesco BulletShares 2027 High Yield Corporate Bond ETF
BSJS,Invesco BulletShares 2028 High Yield Corporate Bond ETF
BSJS,Invesco BulletShares 2028 High Yield Corporate Bond ETF
BSJT,Invesco BulletShares 2029 High Yield Corporate Bond ETF
BSJT,Invesco BulletShares 2029 High Yield Corporate Bond ETF
BSJU,Invesco BulletShares 2030 High Yield Corporate Bond ETF
BSJU,Invesco BulletShares 2030 High Yield Corporate Bond ETF
BSJV,Invesco BulletShares 2031 High Yield Corporate Bond ETF
BSJV,Invesco BulletShares 2031 High Yield Corporate Bond ETF
BSJW,Invesco BulletShares 2032 High Yield Corporate Bond ETF
BSLK,"Bolt Projects Holdings, Inc. - Common Stock"
BSLKW,"Bolt Projects Holdings, Inc. - Warrant"
BSMP,Invesco BulletShares 2025 Municipal Bond ETF
BSMQ,Invesco BulletShares 2026 Municipal Bond ETF
BSMQ,Invesco BulletShares 2026 Municipal Bond ETF
BSMR,Invesco BulletShares 2027 Municipal Bond ETF
BSMR,Invesco BulletShares 2027 Municipal Bond ETF
BSMS,Invesco BulletShares 2028 Municipal Bond ETF
BSMS,Invesco BulletShares 2028 Municipal Bond ETF
BSMT,Invesco BulletShares 2029 Municipal Bond ETF
BSMT,Invesco BulletShares 2029 Municipal Bond ETF
BSMU,Invesco BulletShares 2030 Municipal Bond ETF
BSMU,Invesco BulletShares 2030 Municipal Bond ETF
BSMV,Invesco BulletShares 2031 Municipal Bond ETF
BSMV,Invesco BulletShares 2031 Municipal Bond ETF
BSMW,Invesco BulletShares 2032 Municipal Bond ETF
BSMW,Invesco BulletShares 2032 Municipal Bond ETF
BSMY,Invesco BulletShares 2034 Municipal Bond ETF
BTBD,"BT Brands, Inc. - Common Stock"
BTBDW,"BT Brands, Inc. - Warrant"
BTCT,BTC Digital Ltd. - Ordinary Shares
BTCTW,BTC Digital Ltd. - Warrant
BTF,CoinShares Valkyrie Bitcoin and Ether Strategy ETF
BTFX,CoinShares Valkyrie Bitcoin Futures Leveraged Strategy ETF
BTSG,"BrightSpring Health Services, Inc. - Common Stock"
BTSGU,"BrightSpring Health Services, Inc. - Tangible Equity Unit"
BUFC,AB Conservative Buffer ETF
BUFI,AB International Buffer ETF
BUFI,AB International Buffer ETF
BUFM,AB Moderate Buffer ETF
BUJA,Bukit Jalil Global Acquisition 1 Ltd. - Ordinary Shares
BUJAR,Bukit Jalil Global Acquisition 1 Ltd. - Rights
BUJAR,Bukit Jalil Global Acquisition 1 Ltd. - Rights
BUJAU,Bukit Jalil Global Acquisition 1 Ltd. - Unit
BUJAU,Bukit Jalil Global Acquisition 1 Ltd. - Unit
BUJAW,Bukit Jalil Global Acquisition 1 Ltd. - Warrants
BWB,"Bridgewater Bancshares, Inc. - Common Stock"
BWBBP,"Bridgewater Bancshares, Inc. - Depositary Shares, Each Representing a 1/100th Interest in a Share of 5.875% Non-Cumulative Perpetual Preferred Stock, Series A"
BYNO,byNordic Acquisition Corporation - Class A Common Stock
BYNOU,byNordic Acquisition Corporation - Units
BYNOU,byNordic Acquisition Corporation - Units
BYNOW,byNordic Acquisition Corporation - Warrant
BZAI,"Blaize Holdings, Inc. - Common Stock"
BZAIW,"Blaize Holdings, Inc. - Warrant"
BZFD,"BuzzFeed, Inc. - Class A Common Stock"
BZFDW,"BuzzFeed, Inc. - Warrant"
CAPN,Cayson Acquisition Corp - Ordinary Shares
CAPNR,Cayson Acquisition Corp - Right
CAPNR,Cayson Acquisition Corp - Right
CAPNU,Cayson Acquisition Corp - Units
CAPT,Captivision Inc. - Ordinary Shares
CAPTW,Captivision Inc. - Warrant
CCG,Cheche Group Inc. - Class A Ordinary Shares
CCGWW,Cheche Group Inc. - Warrant
CCIR,Cohen Circle Acquisition Corp. I - Class A Ordinary Shares
CCIRU,Cohen Circle Acquisition Corp. I - Unit
CCIRU,Cohen Circle Acquisition Corp. I - Unit
CCIRW,Cohen Circle Acquisition Corp. I - Warrant
CCIX,Churchill Capital Corp IX - Ordinary Shares
CCIXU,Churchill Capital Corp IX - Unit
CCIXU,Churchill Capital Corp IX - Unit
CCIXW,Churchill Capital Corp IX - Warrant
CCLD,"CareCloud, Inc. - Common Stock"
CCLDO,"CareCloud, Inc. - 8.75% Series B Cumulative Redeemable Perpetual Preferred Stock"
CCLDO,"CareCloud, Inc. - 8.75% Series B Cumulative Redeemable Perpetual Preferred Stock"
CCLDP,"CareCloud, Inc. - 11% Series A Cumulative Redeemable Perpetual Preferred Stock"
CCNE,CNB Financial Corporation - Common Stock
CCNEP,"CNB Financial Corporation - Depositary shares, each representing a 1/40th ownership interest in a share of 7.125% Series A Fixed- Rate Non-Cumulative Perpetual Preferred Stock"
CDIO,Cardio Diagnostics Holdings Inc. - Common stock
CDIOW,Cardio Diagnostics Holdings Inc. - Warrant
CDRO,"Codere Online Luxembourg, S.A. - Ordinary Shares"
CDROW,"Codere Online Luxembourg, S.A. - Warrants"
CDZI,"Cadiz, Inc. - Common Stock"
CDZIP,"Cadiz, Inc. - Depositary Shares"
CEAD,CEA Industries Inc. - Common Stock
CEADW,CEA Industries Inc. - Warrant
CELU,Celularity Inc. - Class A Common Stock
CELUW,Celularity Inc. - Warrant
CENT,Central Garden & Pet Company - Common Stock
CENTA,Central Garden & Pet Company - Class A Common Stock Nonvoting
CERO,"CERo Therapeutics Holdings, Inc. - Common Stock"
CEROW,"CERo Therapeutics Holdings, Inc. - Warrants"
CG,The Carlyle Group Inc. - Common Stock
CGABL,The Carlyle Group Inc. - 4.625% Subordinated Notes due 2061
CGBD,"Carlyle Secured Lending, Inc. - Closed End Fund"
CGBDL,"Carlyle Secured Lending, Inc. - 8.20% Notes due 2028"
CGBS,Crown LNG Holdings Limited - Ordinary Shares
CGBSW,Crown LNG Holdings Limited - Warrants
CHAR,Charlton Aria Acquisition Corporation - Class A Ordinary Shares
CHARR,Charlton Aria Acquisition Corporation - Rights
CHARR,Charlton Aria Acquisition Corporation - Rights
CHARU,Charlton Aria Acquisition Corporation - Units
CHSCL,"CHS Inc - Class B Cumulative Redeemable Preferred Stock, Series 4"
CHSCM,"CHS Inc - Class B Reset Rate Cumulative Redeemable Preferred Stock, Series 3"
CHSCM,"CHS Inc - Class B Reset Rate Cumulative Redeemable Preferred Stock, Series 3"
CHSCN,CHS Inc - Preferred Class B Series 2 Reset Rate
CHSCN,CHS Inc - Preferred Class B Series 2 Reset Rate
CHSCO,CHS Inc - Class B Cumulative Redeemable Preferred Stock
CHSCO,CHS Inc - Class B Cumulative Redeemable Preferred Stock
CHSCP,CHS Inc - 8%  Cumulative Redeemable Preferred Stock
CIFR,Cipher Mining Inc. - Common Stock
CIFRW,Cipher Mining Inc. - Warrant
CING,Cingulate Inc. - Common Stock
CINGW,Cingulate Inc. - Warrants
CLNN,Clene Inc. - Common Stock
CLNNW,Clene Inc. - Warrant
CLRC,ClimateRock - Class A Ordinary Shares
CLRCR,ClimateRock - Right
CLRCR,ClimateRock - Right
CLRCU,ClimateRock - Unit
CLRCU,ClimateRock - Unit
CLRCW,ClimateRock - Warrant
CLSK,"CleanSpark, Inc. - Common Stock"
CLSKW,"CleanSpark, Inc. - Warrant"
CMPO,"CompoSecure, Inc.  - Class A Common Stock"
CMPOW,"CompoSecure, Inc.  - Warrant"
CNCK,Coincheck Group N.V. - Ordinary Shares
CNCKW,Coincheck Group N.V. - Warrants
CNFR,"Conifer Holdings, Inc. - Common Stock"
CNFRZ,"Conifer Holdings, Inc. - 9.75% Senior Unsecured Notes due 2028"
CNOB,"ConnectOne Bancorp, Inc. - Common Stock"
CNOBP,"ConnectOne Bancorp, Inc. - Depositary Shares (each representing a 1/40th interest in a share of 5.25% Fixed-Rate Reset Non-Cumulative Perpetual Preferred Stock, Series A, par value $0.00 per share)"
COCH,"Envoy Medical, Inc. - Class A Common Stock"
COCHW,"Envoy Medical, Inc. - Warrant"
COEP,"Coeptis Therapeutics Holdings, Inc. - Common Stock"
COEPW,"Coeptis Therapeutics Holdings, Inc. - Warrants"
CONI,GraniteShares 1x Short COIN Daily ETF
CONL,GraniteShares 2x Long COIN Daily ETF
COOT,Australian Oilseeds Holdings Limited - Ordinary Shares
COOTW,Australian Oilseeds Holdings Limited - Warrant
COPJ,Sprott Junior Copper Miners ETF
COPP,Sprott Copper Miners ETF
CORZ,"Core Scientific, Inc. - Common Stock"
CORZW,"Core Scientific, Inc. - Tranche 1 Warrants"
CORZW,"Core Scientific, Inc. - Tranche 1 Warrants"
CORZZ,"Core Scientific, Inc. - Tranche 2 Warrants"
CRESW,Cresud S.A.C.I.F. y A. - Warrant
CRESY,"Cresud S.A.C.I.F. y A. - American Depositary Shares, each representing ten shares of Common Stock"
CREV,Carbon Revolution Public Limited Company - Ordinary Shares
CREVW,Carbon Revolution Public Limited Company - Warrant
CRGO,Freightos Limited - Ordinary shares
CRGOW,Freightos Limited - Warrants
CRML,Critical Metals Corp. - Ordinary Shares
CRMLW,Critical Metals Corp. - Warrants
CSA,VictoryShares US Small Cap Volatility Wtd ETF
CSB,VictoryShares US Small Cap High Div Volatility Wtd ETF
CSLM,CSLM Acquisition Corp. - Class A Ordinary Share
CSLMR,CSLM Acquisition Corp. - Right
CSLMR,CSLM Acquisition Corp. - Right
CSLMU,CSLM Acquisition Corp. - Unit
CSLMU,CSLM Acquisition Corp. - Unit
CSLMW,CSLM Acquisition Corp. - Warrant
CSLR,"Complete Solaria, Inc. - Common Stock"
CSLRW,"Complete Solaria, Inc. - Warrant"
CSWC,Capital Southwest Corporation - Common Stock
CSWCZ,Capital Southwest Corporation - 7.75% Notes due 2028
CTCX,Carmell Corporation - Common Stock
CTCXW,Carmell Corporation - Warrant
CUBWU,Lionheart Holdings - Unit
CUBWW,Lionheart Holdings - Warrant
CURI,CuriosityStream Inc.  - Class A Common Stock
CURIW,CuriosityStream Inc.  - Warrant
CXAI,CXApp Inc. - Class A Common Stock
CXAIW,CXApp Inc. - Warrant
CYCC,"Cyclacel Pharmaceuticals, Inc. - Common Stock"
CYCCP,"Cyclacel Pharmaceuticals, Inc. - 6% Convertible Preferred Stock"
CYTH,"Cyclo Therapeutics, Inc. - Common Stock"
CYTHW,"Cyclo Therapeutics, Inc. - Warrant"
CZFS,"Citizens Financial Services, Inc. - Common Stock"
CZNC,Citizens & Northern Corp - Common Stock
DATS,"DatChat, Inc. - Common Stock"
DATSW,"DatChat, Inc. - Series A Warrant"
DAVE,Dave Inc.  - Class A Common Stock
DAVEW,Dave Inc.  - Warrants
DCOM,"Dime Community Bancshares, Inc. - Common Stock"
DCOMG,"Dime Community Bancshares, Inc. - 9.000% Fixed-to-Floating Rate Subordinated Notes due 2034"
DCOMG,"Dime Community Bancshares, Inc. - 9.000% Fixed-to-Floating Rate Subordinated Notes due 2034"
DCOMP,"Dime Community Bancshares, Inc. - Fixed-Rate Non-Cumulative Perpetual Preferred Stock, Series A"
DECA,Denali Capital Acquisition Corp. - Class A Ordinary Shares
DECAU,Denali Capital Acquisition Corp. - Unit
DECAU,Denali Capital Acquisition Corp. - Unit
DECAW,Denali Capital Acquisition Corp. - Warrant
DFGP,Dimensional Global Core Plus Fixed Income ETF
DFGX,Dimensional Global ex US Core Fixed Income ETF
DFLI,Dragonfly Energy Holdings Corp - Common Stock
DFLIW,Dragonfly Energy Holdings Corp - Warrant
DGICA,"Donegal Group, Inc. - Class A Common Stock"
DGICB,"Donegal Group, Inc. - Class B Common Stock"
DGRE,WisdomTree Emerging Markets Quality Dividend Growth Fund
DGRS,WisdomTree U.S. SmallCap Quality Dividend Growth Fund
DGRS,WisdomTree U.S. SmallCap Quality Dividend Growth Fund
DGRW,WisdomTree U.S. Quality Dividend Growth Fund
DHAI,"DIH Holding US, Inc. - Class A Common Stock"
DHAIW,"DIH Holding US, Inc. - Warrant"
DHC,Diversified Healthcare Trust  - Common Shares of Beneficial Interest
DHCNI,Diversified Healthcare Trust  - 5.625% Senior Notes due 2042
DHCNI,Diversified Healthcare Trust  - 5.625% Senior Notes due 2042
DHCNL,Diversified Healthcare Trust  - 6.25% Senior Notes Due 2046
DIST,Distoken Acquisition Corporation - Ordinary Shares
DISTR,Distoken Acquisition Corporation - Right
DISTR,Distoken Acquisition Corporation - Right
DISTW,Distoken Acquisition Corporation - Warrant
DJT,Trump Media & Technology Group Corp. - Common Stock
DJTWW,Trump Media & Technology Group Corp. - Warrants
DRMA,"Dermata Therapeutics, Inc. - Common Stock"
DRMAW,"Dermata Therapeutics, Inc. - Warrant"
DRTS,Alpha Tau Medical Ltd. - Ordinary Shares
DRTSW,Alpha Tau Medical Ltd. - Warrant
DSY,Big Tree Cloud Holdings Limited - Ordinary Shares
DSYWW,Big Tree Cloud Holdings Limited - Warrants
DTSQ,DT Cloud Star Acquisition Corporation - Ordinary Shares
DTSQR,DT Cloud Star Acquisition Corporation - Right
DTSQR,DT Cloud Star Acquisition Corporation - Right
DTSQU,DT Cloud Star Acquisition Corporation - Units
DTST,Data Storage Corporation - Common Stock
DTSTW,Data Storage Corporation - Warrant
DUKH,Ocean Park High Income ETF
DUKX,Ocean Park International ETF
DVLU,First Trust Dorsey Wright Momentum & Value ETF
DVOL,First Trust Dorsey Wright Momentum & Low Volatility ETF
DVQQ,WEBs Defined Volatility QQQ ETF
DVSP,WEBs Defined Volatility SPY ETF
DWAW,AdvisorShares Dorsey Wright FSM All Cap World ETF
DWSH,AdvisorShares Dorsey Wright Short ETF
DYCQ,DT Cloud Acquisition Corporation - Ordinary shares
DYCQR,DT Cloud Acquisition Corporation - Right
DYCQR,DT Cloud Acquisition Corporation - Right
DYCQU,DT Cloud Acquisition Corporation - Unit
DYNX,Dynamix Corporation - Class A Ordinary Share
DYNXU,Dynamix Corporation - Unit
DYNXU,Dynamix Corporation - Unit
DYNXW,Dynamix Corporation - Warrant
ECDA,"ECD Automotive Design, Inc. - Common Stock"
ECDAW,"ECD Automotive Design, Inc. - Warrant"
ECX,ECARX Holdings Inc. - Class A Ordinary shares
ECXWW,ECARX Holdings Inc. - Warrants
EDBL,Edible Garden AG Incorporated - Common Stock
EDBLW,Edible Garden AG Incorporated - Warrant
EFSC,Enterprise Financial Services Corporation - Common Stock
EFSCP,"Enterprise Financial Services Corporation - Depositary Shares Each Representing a 1/40th Interest in a Share of 5% Fixed Rate Non-Cumulative Perpetual Preferred Stock, Series A"
EMCG,Embrace Change Acquisition Corp - Ordinary Shares
EMCGR,Embrace Change Acquisition Corp - Rights
EMCGR,Embrace Change Acquisition Corp - Rights
EMCGU,Embrace Change Acquisition Corp - Units
EMCGU,Embrace Change Acquisition Corp - Units
EMCGW,Embrace Change Acquisition Corp - Warrants
EMXC,iShares MSCI Emerging Markets ex China ETF
EMXF,iShares ESG Advanced MSCI EM ETF
ENGN,enGene Holdings Inc. - Common Stock
ENGNW,enGene Holdings Inc. - Warrants
EOSE,"Eos Energy Enterprises, Inc. - Common Stock"
EOSEW,"Eos Energy Enterprises, Inc. - Warrant"
ESGD,iShares ESG Aware MSCI EAFE ETF
ESGE,iShares ESG Aware MSCI EM ETF
ESGL,ESGL Holdings Limited - Class A Ordinary Shares
ESGLW,ESGL Holdings Limited - Warrants
ESGR,Enstar Group Limited - Ordinary Shares
ESGRO,"Enstar Group Limited - Depository Shares 7.00% Perpetual Non-Cumulative Preference Shares, Series E"
ESGRO,"Enstar Group Limited - Depository Shares 7.00% Perpetual Non-Cumulative Preference Shares, Series E"
ESGRP,Enstar Group Limited - Depositary Shares Each Representing 1/1000th of an interest in Preference Shares
ESHA,ESH Acquisition Corp. - Class A Common Stock
ESHAR,ESH Acquisition Corp. - Right
ESLA,"Estrella Immunopharma, Inc. - Common Stock"
ESLAW,"Estrella Immunopharma, Inc. - Warrant"
ETEC,iShares Breakthrough Environmental Solutions ETF
ETHA,iShares Ethereum Trust - iShares Ethereum Trust ETF
EUDA,Euda Health Holdings Limited - Ordinary Shares
EUDAW,Euda Health Holdings Limited - Warrant
EURK,Eureka Acquisition Corp - Class A Ordinary Share
EURKR,Eureka Acquisition Corp - Right
EURKR,Eureka Acquisition Corp - Right
EURKU,Eureka Acquisition Corp - Unit
EVGO,EVgo Inc. - Common Stock
EVGOW,"EVgo Inc. - Warrants, each whole warrant exercisable for one share of Class A Common Stock at an exercise price of $11.50"
EVGR,Evergreen Corporation - Class A Ordinary Share
EVGRU,Evergreen Corporation - Unit
EVGRU,Evergreen Corporation - Unit
EVGRW,Evergreen Corporation - Warrant
EVLV,"Evolv Technologies Holdings, Inc. - Class A Common Stock"
EVLVW,"Evolv Technologies Holdings, Inc. - Warrant"
EXE,Expand Energy Corporation - Common Stock
EXEEL,Expand Energy Corporation - Class C Warrants
EXEEL,Expand Energy Corporation - Class C Warrants
EXEEW,Expand Energy Corporation - Class A Warrants
EXEEW,Expand Energy Corporation - Class A Warrants
EXEEZ,Expand Energy Corporation - Class B Warrants
FA,First Advantage Corporation - Common Stock
FAAR,First Trust Alternative Absolute Return Strategy ETF
FAAS,DigiAsia Corp. - Ordinary Shares
FAASW,DigiAsia Corp. - Warrant
FACT,FACT II Acquisition Corp. - Class A Ordinary Shares
FACTU,FACT II Acquisition Corp. - Unit
FACTU,FACT II Acquisition Corp. - Unit
FACTW,FACT II Acquisition Corp. - Warrant
FAT,FAT Brands Inc. - Common Stock
FATBB,FAT Brands Inc. - Class B Common Stock
FATBB,FAT Brands Inc. - Class B Common Stock
FATBP,FAT Brands Inc. - 8.25% Series B Cumulative Preferred Stock
FATBP,FAT Brands Inc. - 8.25% Series B Cumulative Preferred Stock
FATBW,FAT Brands Inc. - Warrant
FBIO,"Fortress Biotech, Inc. - Common Stock"
FBIOP,"Fortress Biotech, Inc. - 9.375% Series A Cumulative Redeemable Perpetual Preferred Stock"
FBYD,"Falcon's Beyond Global, Inc. - Class A Common Stock"
FBYDW,"Falcon's Beyond Global, Inc. - Warrants"
FBZ,First Trust Brazil AlphaDEX Fund
FCA,First Trust China AlphaDEX Fund
FCA,First Trust China AlphaDEX Fund
FCAL,First Trust California Municipal High income ETF
FCAL,First Trust California Municipal High income ETF
FCAP,"First Capital, Inc. - Common Stock"
FCAP,"First Capital, Inc. - Common Stock"
FCBC,"First Community Bankshares, Inc. - Common Stock"
FCBC,"First Community Bankshares, Inc. - Common Stock"
FCCO,First Community Corporation - Common Stock
FCCO,First Community Corporation - Common Stock
FCEF,First Trust Income Opportunities ETF
FCNCA,"First Citizens BancShares, Inc. - Class A Common Stock"
FCNCO,"First Citizens BancShares, Inc. - 5.625% Non-Cumulative Perpetual Preferred Stock, Series C"
FCNCO,"First Citizens BancShares, Inc. - 5.625% Non-Cumulative Perpetual Preferred Stock, Series C"
FCNCP,"First Citizens BancShares, Inc. - Depositary Shares Each Representing a 1/40th Interest in a Share of 5.375% Non-Cumulative Perpetual Preferred Stock, Series A"
FDBC,"Fidelity D & D Bancorp, Inc. - Common Stock"
FDCF,Fidelity Disruptive Communications ETF
FDCF,Fidelity Disruptive Communications ETF
FDFF,Fidelity Disruptive Finance ETF
FDFF,Fidelity Disruptive Finance ETF
FDIF,Fidelity Disruptors ETF
FDIF,Fidelity Disruptors ETF
FDIG,Fidelity Crypto Industry and Digital Payments ETF
FDT,First Trust Developed Markets Ex-US AlphaDEX Fund
FDTS,First Trust Developed Markets ex-US Small Cap AlphaDEX Fund
FEM,First Trust Emerging Markets AlphaDEX Fund
FEMB,First Trust Emerging Markets Local Currency Bond ETF
FEMB,First Trust Emerging Markets Local Currency Bond ETF
FEMS,First Trust Emerging Markets Small Cap AlphaDEX Fund
FEUZ,First Trust Eurozone AlphaDEX ETF
FEX,First Trust Large Cap Core AlphaDEX Fund
FEX,First Trust Large Cap Core AlphaDEX Fund
FFBC,First Financial Bancorp. - Common Stock
FFIE,Faraday Future Intelligent Electric Inc. - Class A Common Stock
FFIEW,Faraday Future Intelligent Electric Inc. - Warrant
FFNW,"First Financial Northwest, Inc. - Common Stock"
FGBI,"First Guaranty Bancshares, Inc. - Common Stock"
FGBI,"First Guaranty Bancshares, Inc. - Common Stock"
FGBIP,"First Guaranty Bancshares, Inc. - 6.75% Series A Fixed-Rate Non-Cumulative Perpetual Preferred Stock"
FGF,Fundamental Global Inc. - Common Stock
FGFPP,Fundamental Global Inc. - 8.00% Cumulative Series A Preferred Stock
FGI,FGI Industries Ltd. - Ordinary Shares
FGIWW,FGI Industries Ltd. - warrant
FGM,First Trust Germany AlphaDEX Fund
FHB,"First Hawaiian, Inc. - Common Stock"
FIBK,"First Interstate BancSystem, Inc. - Common Stock"
FICS,First Trust International Developed Capital Strength ETF
FICS,First Trust International Developed Capital Strength ETF
FID,First Trust S&P International Dividend Aristocrats ETF
FITB,Fifth Third Bancorp - Common Stock
FITBI,Fifth Third Bancorp - Depositary Share repstg 1/1000th Ownership Interest Perp Pfd Series I
FITBI,Fifth Third Bancorp - Depositary Share repstg 1/1000th Ownership Interest Perp Pfd Series I
FITBO,"Fifth Third Bancorp - Depositary Shares each representing a 1/1000th ownership interest in a share of Non-Cumulative Perpetual Preferred Stock, Series K"
FITBO,"Fifth Third Bancorp - Depositary Shares each representing a 1/1000th ownership interest in a share of Non-Cumulative Perpetual Preferred Stock, Series K"
FITBP,"Fifth Third Bancorp - Depositary Shares each representing 1/40th share of Fifth Third 6.00% Non-Cumulative Perpetual Class B Preferred Stock, Series A"
FJP,First Trust Japan AlphaDEX Fund
FKU,First Trust United Kingdom AlphaDEX Fund
FMB,First Trust Managed Municipal ETF
FMBH,"First Mid Bancshares, Inc. - Common Stock"
FMED,Fidelity Disruptive Medicine ETF
FMET,Fidelity Metaverse ETF
FMST,Foremost Clean Energy Ltd. - Common stock
FMSTW,Foremost Clean Energy Ltd. - Warrant
FNLC,"First Bancorp, Inc (ME) - Common Stock"
FNWB,First Northwest Bancorp - Common Stock
FNX,First Trust Mid Cap Core AlphaDEX Fund
FNY,First Trust Mid Cap Growth AlphaDEX Fund
FORL,Four Leaf Acquisition Corporation - Class A Common Stock
FORLU,Four Leaf Acquisition Corporation - Unit
FORLU,Four Leaf Acquisition Corporation - Unit
FORLW,Four Leaf Acquisition Corporation - Warrants
FOSL,"Fossil Group, Inc. - Common Stock"
FOSLL,"Fossil Group, Inc. - 7% Senior Notes due 2026"
FOX,Fox Corporation - Class B Common Stock
FOXA,Fox Corporation - Class A Common Stock
FOXA,Fox Corporation - Class A Common Stock
FOXF,Fox Factory Holding Corp. - Common Stock
FOXX,Foxx Development Holdings Inc. - Common Stock
FOXXW,Foxx Development Holdings Inc. - Warrant
FPXE,First Trust IPOX Europe Equity Opportunities ETF
FPXI,First Trust International Equity Opportunities ETF
FRME,First Merchants Corporation - Common Stock
FRMEP,"First Merchants Corporation - Depository Shares, each representing a 1/100th interest in a share of 7.50% Non-Cumulative Perpetual Preferred Stock, A"
FSCS,First Trust SMID Capital Strength ETF
FSEA,"First Seacoast Bancorp, Inc. - Common Stock"
FSEA,"First Seacoast Bancorp, Inc. - Common Stock"
FSFG,"First Savings Financial Group, Inc. - Common Stock"
FSFG,"First Savings Financial Group, Inc. - Common Stock"
FSGS,First Trust SMID Growth Strength ETF
FSHP,Flag Ship Acquisition Corp. - Ordinary Shares
FSHPR,Flag Ship Acquisition Corp. - Right
FSHPR,Flag Ship Acquisition Corp. - Right
FSHPU,Flag Ship Acquisition Corp. - Unit
FSZ,First Trust Switzerland AlphaDEX Fund
FTA,First Trust Large Cap Value AlphaDEX Fund
FTA,First Trust Large Cap Value AlphaDEX Fund
FTAG,First Trust Indxx Global Agriculture ETF
FTAI,FTAI Aviation Ltd. - Common Stock
FTAIM,FTAI Aviation Ltd. - 9.500% Fixed-Rate Reset Series D Cumulative Perpetual Redeemable Preferred Shares
FTAIM,FTAI Aviation Ltd. - 9.500% Fixed-Rate Reset Series D Cumulative Perpetual Redeemable Preferred Shares
FTAIN,FTAI Aviation Ltd. - 8.25% Fixed-Rate Reset Series C Cumulative Perpetual Redeemable Preferred Shares
FTAIN,FTAI Aviation Ltd. - 8.25% Fixed-Rate Reset Series C Cumulative Perpetual Redeemable Preferred Shares
FTAIO,FTAI Aviation Ltd. - 8.00% Fixed-to-Floating Rate Series B Cumulative Perpetual Redeemable Preferred Shares
FTGC,First Trust Global Tactical Commodity Strategy Fund
FTGS,First Trust Growth Strength ETF
FTGS,First Trust Growth Strength ETF
FTHI,First Trust BuyWrite Income ETF
FTII,FutureTech II Acquisition Corp. - Class A Common Stock
FTIIU,FutureTech II Acquisition Corp. - Unit
FTIIU,FutureTech II Acquisition Corp. - Unit
FTIIW,FutureTech II Acquisition Corp. - Warrant
FTRI,First Trust Indxx Global Natural Resources Income ETF
FTSL,First Trust Senior Loan Fund
FTSL,First Trust Senior Loan Fund
FTSM,First Trust Enhanced Short Maturity ETF
FTSM,First Trust Enhanced Short Maturity ETF
FTXG,First Trust Nasdaq Food & Beverage ETF
FTXG,First Trust Nasdaq Food & Beverage ETF
FTXH,First Trust Nasdaq Pharmaceuticals ETF
FTXH,First Trust Nasdaq Pharmaceuticals ETF
FTXL,First Trust Nasdaq Semiconductor ETF
FTXL,First Trust Nasdaq Semiconductor ETF
FTXN,First Trust Nasdaq Oil & Gas ETF
FTXN,First Trust Nasdaq Oil & Gas ETF
FTXO,First Trust Nasdaq Bank ETF
FTXO,First Trust Nasdaq Bank ETF
FTXR,First Trust Nasdaq Transportation ETF
FUFU,BitFuFu Inc. - Class A Ordinary Shares
FUFUW,BitFuFu Inc. - Warrant
FULT,Fulton Financial Corporation - Common Stock
FULTP,"Fulton Financial Corporation - Depositary Shares Each Representing a 1/40th Interest in a Share of Fixed Rate Non-Cumulative Perpetual Preferred Stock, Series A"
FV,First Trust Dorsey Wright Focus 5 ETF
FVC,First Trust Dorsey Wright Dynamic Focus 5 ETF
FVN,Future Vision II Acquisition Corporation - Ordinary Shares
FVNNR,Future Vision II Acquisition Corporation - Right
FVNNR,Future Vision II Acquisition Corporation - Right
FVNNU,Future Vision II Acquisition Corporation - Units
FWONA,Liberty Media Corporation - Series A Liberty Formula One Common Stock
FWONK,Liberty Media Corporation - Series C Liberty Formula One Common Stock
FWRG,"First Watch Restaurant Group, Inc. - Common Stock"
FXNC,First National Corporation - Common Stock
FYC,First Trust Small Cap Growth AlphaDEX Fund
FYT,First Trust Small Cap Value AlphaDEX Fund
FYT,First Trust Small Cap Value AlphaDEX Fund
FYX,First Trust Small Cap Core AlphaDEX Fund
GAIN,Gladstone Investment Corporation - Business Development Company
GAINI,Gladstone Investment Corporation - 7.875% Notes due 2030
GAINI,Gladstone Investment Corporation - 7.875% Notes due 2030
GAINL,Gladstone Investment Corporation - 8.00% Notes due 2028
GAINL,Gladstone Investment Corporation - 8.00% Notes due 2028
GAINN,Gladstone Investment Corporation - 5.00% Notes Due 2026
GAINN,Gladstone Investment Corporation - 5.00% Notes Due 2026
GAINZ,Gladstone Investment Corporation - 4.875% Notes due 2028
GATE,Marblegate Acquisition Corp. - Class A Common Stock
GATEU,Marblegate Acquisition Corp. - Unit
GATEU,Marblegate Acquisition Corp. - Unit
GATEW,Marblegate Acquisition Corp. - Warrant
GBBK,Global Blockchain Acquisition Corp. - Common Stock
GBBKR,Global Blockchain Acquisition Corp. - Right
GBBKR,Global Blockchain Acquisition Corp. - Right
GBBKW,Global Blockchain Acquisition Corp. - Warrant
GCMG,GCM Grosvenor Inc. - Class A Common Stock
GCMGW,GCM Grosvenor Inc. - Warrant
GDEV,GDEV Inc. - Ordinary Shares
GDEVW,GDEV Inc. - Warrant
GDST,Goldenstone Acquisition Limited - Common Stock
GDSTR,Goldenstone Acquisition Limited - Rights
GDSTR,Goldenstone Acquisition Limited - Rights
GDSTU,Goldenstone Acquisition Limited - Units
GDSTU,Goldenstone Acquisition Limited - Units
GDSTW,Goldenstone Acquisition Limited - Warrants
GECC,Great Elm Capital Corp. - Closed End Fund
GECCH,Great Elm Capital Corp. - 8.125% Notes Due 2029
GECCH,Great Elm Capital Corp. - 8.125% Notes Due 2029
GECCI,Great Elm Capital Corp. - 8.50% NOTES DUE 2029
GECCI,Great Elm Capital Corp. - 8.50% NOTES DUE 2029
GECCO,Great Elm Capital Corp. - 5.875% Notes due 2026
GECCO,Great Elm Capital Corp. - 5.875% Notes due 2026
GECCZ,Great Elm Capital Corp. - 8.75% Notes due 2028
GECCZ,Great Elm Capital Corp. - 8.75% Notes due 2028
GEG,"Great Elm Group, Inc.  - Common Stock"
GEG,"Great Elm Group, Inc.  - Common Stock"
GEGGL,"Great Elm Group, Inc.  - 7.25% Notes due 2027"
GFAI,"Guardforce AI Co., Limited - Ordinary Shares"
GFAIW,"Guardforce AI Co., Limited - Warrant"
GGLL,Direxion Daily GOOGL Bull 2X Shares
GGLS,Direxion Daily GOOGL Bear 1X Shares
GGR,Gogoro Inc. - Ordinary Shares
GGROW,Gogoro Inc. - Warrant
GIG,GigCapital7 Corp. - Class A Ordinary Share
GIGGU,GigCapital7 Corp. - Unit
GIGGU,GigCapital7 Corp. - Unit
GIGGW,GigCapital7 Corp. - Warrant
GIPR,Generation Income Properties Inc. - Common stock
GIPRW,Generation Income Properties Inc. - Warrant
GITS,"Global Interactive Technologies, Inc. Common Stock - Common Stock"
GLAC,Global Lights Acquisition Corp - Ordinary Shares
GLAC,Global Lights Acquisition Corp - Ordinary Shares
GLACR,Global Lights Acquisition Corp - Rights
GLACR,Global Lights Acquisition Corp - Rights
GLACU,Global Lights Acquisition Corp - Unit
GLAD,Gladstone Capital Corporation - Closed End Fund
GLADZ,Gladstone Capital Corporation - 7.75% Notes due 2028
GLST,"Global Star Acquisition, Inc. - Class A Common Stock"
GLSTR,"Global Star Acquisition, Inc. - Right"
GLSTR,"Global Star Acquisition, Inc. - Right"
GLSTU,"Global Star Acquisition, Inc. - Unit"
GLSTU,"Global Star Acquisition, Inc. - Unit"
GLSTW,"Global Star Acquisition, Inc. - Warrants"
GODN,Golden Star Acquisition Corporation - Ordinary Shares
GODNR,Golden Star Acquisition Corporation - Rights
GODNR,Golden Star Acquisition Corporation - Rights
GODNU,Golden Star Acquisition Corporation - Unit
GOEV,Canoo Inc.  - Class A Common Stock
GOEVW,Canoo Inc.  - Warrant
GOOD,Gladstone Commercial Corporation - Real Estate Investment Trust
GOODN,Gladstone Commercial Corporation - 6.625% Series E Cumulative Redeemable Preferred Stock
GOODN,Gladstone Commercial Corporation - 6.625% Series E Cumulative Redeemable Preferred Stock
GOODO,"Gladstone Commercial Corporation - 6.00% Series G Cumulative Redeemable Preferred Stock, par value $0.001 per share"
GOOG,Alphabet Inc. - Class C Capital Stock
GOOGL,Alphabet Inc. - Class A Common Stock
GOVX,"GeoVax Labs, Inc. - Common Stock"
GOVXW,"GeoVax Labs, Inc. - Warrants"
GPAT,GP-Act III Acquisition Corp. - Class A Ordinary Share
GPATU,GP-Act III Acquisition Corp. - Units
GPATU,GP-Act III Acquisition Corp. - Units
GPATW,GP-Act III Acquisition Corp. - Warrants
GPIQ,Goldman Sachs Nasdaq-100 Core Premium Income ETF
GPIX,Goldman Sachs S&P 500 Core Premium Income ETF
GRAB,Grab Holdings Limited - Class A Ordinary Shares
GRABW,Grab Holdings Limited - Warrant
GREE,Greenidge Generation Holdings Inc. - Class A Common Stock
GREEL,Greenidge Generation Holdings Inc. - 8.50% Senior Notes due 2026
GRRR,Gorilla Technology Group Inc. - Ordinary shares
GRRRW,Gorilla Technology Group Inc. - Warrant
GSRT,GSR III Acquisition Corp. - Ordinary Shares
GSRTR,GSR III Acquisition Corp. - Right
GSRTR,GSR III Acquisition Corp. - Right
GSRTU,GSR III Acquisition Corp. - Unit
HBAN,Huntington Bancshares Incorporated - Common Stock
HBANL,"Huntington Bancshares Incorporated - Depositary Shares, Each Representing a 1/40th Interest in a Share of 6.875% Series J Non-Cumulative Perpetual Preferred Stock"
HBANL,"Huntington Bancshares Incorporated - Depositary Shares, Each Representing a 1/40th Interest in a Share of 6.875% Series J Non-Cumulative Perpetual Preferred Stock"
HBANM,Huntington Bancshares Incorporated - Depositary Shares each representing a 1/1000th interest in a share of Huntington Series I Preferred Stock
HBANM,Huntington Bancshares Incorporated - Depositary Shares each representing a 1/1000th interest in a share of Huntington Series I Preferred Stock
HBANP,Huntington Bancshares Incorporated - Depositary Shares 4.500% Series H Non-Cumulative Perpetual Preferred Stock
HCSG,"Healthcare Services Group, Inc. - Common Stock"
HCTI,"Healthcare Triangle, Inc. - Common Stock"
HCVI,Hennessy Capital Investment Corp. VI - Class A Common Stock
HCVIU,Hennessy Capital Investment Corp. VI - Unit
HCVIU,Hennessy Capital Investment Corp. VI - Unit
HCVIW,Hennessy Capital Investment Corp. VI - Warrant
HFWA,Heritage Financial Corporation - Common Stock
HGBL,Heritage Global Inc. - Common Stock
HNNA,"Hennessy Advisors, Inc. - Common Stock"
HNNAZ,"Hennessy Advisors, Inc. - 4.875% Notes due 2026"
HOFV,Hall of Fame Resort & Entertainment Company - Common Stock
HOFVW,Hall of Fame Resort & Entertainment Company - Warrant
HOLO,MicroCloud Hologram Inc. - Ordinary Shares
HOLOW,MicroCloud Hologram Inc. - Warrant
HOND,HCM II Acquisition Corp. - Class A Ordinary Shares
HONDU,HCM II Acquisition Corp. - Unit
HONDU,HCM II Acquisition Corp. - Unit
HONDW,HCM II Acquisition Corp. - Warrant
HOVR,New Horizon Aircraft Ltd. - Class A Ordinary Shares
HOVRW,New Horizon Aircraft Ltd. - Warrant
HPAI,Helport AI Limited - Ordinary Shares
HPAIW,Helport AI Limited - Warrants
HPK,"HighPeak Energy, Inc. - Common Stock"
HPKEW,"HighPeak Energy, Inc. - Warrant"
HROW,"Harrow, Inc. - Common Stock"
HROWL,"Harrow, Inc. - 8.625% senior notes due 2026"
HROWL,"Harrow, Inc. - 8.625% senior notes due 2026"
HROWM,"Harrow, Inc. - 11.875% Senior Notes due 2027"
HSCS,HeartSciences Inc. - Common Stock
HSCSW,HeartSciences Inc. - Warrant
HSPO,Horizon Space Acquisition I Corp. - Ordinary Shares
HSPOR,Horizon Space Acquisition I Corp. - Right
HSPOR,Horizon Space Acquisition I Corp. - Right
HSPOU,Horizon Space Acquisition I Corp. - Unit
HSPOU,Horizon Space Acquisition I Corp. - Unit
HSPOW,Horizon Space Acquisition I Corp. - Warrant
HSPOW,Horizon Space Acquisition I Corp. - Warrant
HSPTU,Horizon Space Acquisition II Corp. - Units
HTLD,"Heartland Express, Inc. - Common Stock"
HTLF,"Heartland Financial USA, Inc. - Common Stock"
HTLF,"Heartland Financial USA, Inc. - Common Stock"
HTLFP,"Heartland Financial USA, Inc. - Depositary Shares, each representing a 1/400th ownership interest in a share of 7.00% Fixed-Rate Reset Non-Cumulative Perpetual Preferred Stock, Series E"
HTOO,Fusion Fuel Green PLC - Ordinary Shares
HTOOW,Fusion Fuel Green PLC - Warrant
HTZ,"Hertz Global Holdings, Inc - Common Stock"
HTZWW,"Hertz Global Holdings, Inc - Warrant"
HUBC,Hub Cyber Security Ltd. - Ordinary Shares
HUBCW,Hub Cyber Security Ltd. - Warrant expiring 2/27/28
HUBCW,Hub Cyber Security Ltd. - Warrant expiring 2/27/28
HUBCZ,Hub Cyber Security Ltd. - Warrant
HUBCZ,Hub Cyber Security Ltd. - Warrant
HUBG,"Hub Group, Inc. - Class A Common Stock"
HUDA,Hudson Acquisition I Corp. - Common Stock
HUDAR,Hudson Acquisition I Corp. - Right
HUDAR,Hudson Acquisition I Corp. - Right
HUDAU,Hudson Acquisition I Corp. - Unit
HUMA,"Humacyte, Inc. - Common Stock"
HUMAW,"Humacyte, Inc. - Warrant"
HWC,Hancock Whitney Corporation - Common Stock
HWCPZ,Hancock Whitney Corporation - 6.25% Subordinated Notes due 2060
HYMC,Hycroft Mining Holding Corporation - Class A Common Stock
HYMCL,Hycroft Mining Holding Corporation - Warrants
HYMCL,Hycroft Mining Holding Corporation - Warrants
HYMCW,Hycroft Mining Holding Corporation - Warrant
HYZN,Hyzon Motors Inc. - Class A Common Stock
HYZNW,Hyzon Motors Inc. - Warrant
IBAC,IB Acquisition Corp. - Common Stock
IBACR,IB Acquisition Corp. - Right
IBAT,iShares Energy Storage & Materials ETF
IBB,iShares Biotechnology ETF
IBGA,iShares iBonds Dec 2044 Term Treasury ETF
IBGK,iShares iBonds Dec 2054 Term Treasury ETF
IBGK,iShares iBonds Dec 2054 Term Treasury ETF
IBIT,iShares Bitcoin Trust ETF
IBTF,iShares iBonds Dec 2025 Term Treasury ETF
IBTG,iShares iBonds Dec 2026 Term Treasury ETF
IBTG,iShares iBonds Dec 2026 Term Treasury ETF
IBTH,iShares iBonds Dec 2027 Term Treasury ETF
IBTH,iShares iBonds Dec 2027 Term Treasury ETF
IBTI,iShares iBonds Dec 2028 Term Treasury ETF
IBTI,iShares iBonds Dec 2028 Term Treasury ETF
IBTJ,iShares iBonds Dec 2029 Term Treasury ETF
IBTJ,iShares iBonds Dec 2029 Term Treasury ETF
IBTK,iShares iBonds Dec 2030 Term Treasury ETF
IBTK,iShares iBonds Dec 2030 Term Treasury ETF
IBTL,iShares iBonds Dec 2031 Term Treasury ETF
IBTL,iShares iBonds Dec 2031 Term Treasury ETF
IBTM,iShares iBonds Dec 2032 Term Treasury ETF
IBTM,iShares iBonds Dec 2032 Term Treasury ETF
IBTO,iShares iBonds Dec 2033 Term Treasury ETF
IBTO,iShares iBonds Dec 2033 Term Treasury ETF
IBTP,iShares iBonds Dec 2034 Term Treasury ETF
ICU,SeaStar Medical Holding Corporation - Common Stock
ICUCW,SeaStar Medical Holding Corporation - Warrant
IEF,iShares 7-10 Year Treasury Bond ETF
IEI,iShares 3-7 Year Treasury Bond ETF
IGF,iShares Global Infrastructure ETF
IGIB,iShares 5-10 Year Investment Grade Corporate Bond ETF
IGOV,iShares International Treasury Bond ETF
IGSB,iShares 1-5 Year Investment Grade Corporate Bond ETF
IINN,Inspira Technologies Oxy B.H.N. Ltd. - Ordinary Shares
IINNW,Inspira Technologies Oxy B.H.N. Ltd. - Warrant
ILLR,Triller Group Inc. - Common Stock
ILLRW,Triller Group Inc. - Warrant
IMPP,Imperial Petroleum Inc. - Common Shares
IMPPP,Imperial Petroleum Inc. - 8.75% Series A Cumulative Redeemable Perpetual Preferred Shares
IMTX,Immatics N.V. - Ordinary Shares
IMTXW,Immatics N.V. - Warrants
INBK,First Internet Bancorp - Common Stock
INBKZ,First Internet Bancorp - Fixed-to-Floating Rate Subordinated Notes Due 2029
INVZ,Innoviz Technologies Ltd. - Ordinary shares
INVZW,Innoviz Technologies Ltd. - Warrant
IPXX,Inflection Point Acquisition Corp. II - Class A Ordinary Shares
IPXXU,Inflection Point Acquisition Corp. II - Unit
IPXXU,Inflection Point Acquisition Corp. II - Unit
IPXXW,Inflection Point Acquisition Corp. II - Warrant
IROH,Iron Horse Acquisitions Corp. - Common Stock
IROHR,Iron Horse Acquisitions Corp. - one right to one-fifth (1/5) of one share of common stock
IROHR,Iron Horse Acquisitions Corp. - one right to one-fifth (1/5) of one share of common stock
IROHU,Iron Horse Acquisitions Corp. - Unit
IROHU,Iron Horse Acquisitions Corp. - Unit
IROHW,Iron Horse Acquisitions Corp. - Warrant
ISPO,Inspirato Incorporated - Class A Common Stock
ISPOW,Inspirato Incorporated - Warrant
ISRL,Israel Acquisitions Corp - Class A Ordinary Shares
ISRLU,Israel Acquisitions Corp - Unit
ISRLU,Israel Acquisitions Corp - Unit
ISRLW,Israel Acquisitions Corp - Warrant
IUSB,iShares Core Total USD Bond Market ETF
IUSG,iShares Core S&P U.S. Growth ETF
IUSG,iShares Core S&P U.S. Growth ETF
IUSV,iShares Core S&P U.S. Value ETF
IVCA,Investcorp AI Acquisition Corp. - Class A Ordinary Shares
IVCAU,Investcorp AI Acquisition Corp. - Unit
IVCAU,Investcorp AI Acquisition Corp. - Unit
IVCAW,Investcorp AI Acquisition Corp. - Warrant
IVDA,"Iveda Solutions, Inc. - Common Stock"
IVDAW,"Iveda Solutions, Inc. - Warrant"
JFBR,Jeffs' Brands Ltd - Ordinary Shares
JFBRW,Jeffs' Brands Ltd - Warrant
JGLO,JPMorgan Global Select Equity ETF
JIVE,JPMorgan International Value ETF
JSMD,Janus Henderson Small/Mid Cap Growth Alpha ETF
JSML,Janus Henderson Small Cap Growth Alpha ETF
JSPR,"Jasper Therapeutics, Inc. - Class A Common Stock"
JSPRW,"Jasper Therapeutics, Inc. - Warrant"
JVSA,JVSPAC Acquisition Corp. - Class A Ordinary Share
JVSAR,JVSPAC Acquisition Corp. - Right
JVSAR,JVSPAC Acquisition Corp. - Right
JVSAU,JVSPAC Acquisition Corp. - Unit
KBWB,Invesco KBW Bank ETF
KBWD,Invesco KBW High Dividend Yield Financial ETF
KBWD,Invesco KBW High Dividend Yield Financial ETF
KBWP,Invesco KBW Property & Casualty Insurance ETF
KBWP,Invesco KBW Property & Casualty Insurance ETF
KBWR,Invesco KBW Regional Banking ETF
KBWR,Invesco KBW Regional Banking ETF
KBWY,Invesco KBW Premium Yield Equity REIT ETF
KDLY,"Kindly MD, Inc. - Common Stock"
KDLYW,"Kindly MD, Inc. - Warrants"
KELYA,"Kelly Services, Inc. - Class A Common Stock"
KELYB,"Kelly Services, Inc. - Class B Common Stock"
KITT,"Nauticus Robotics, Inc. - Common stock"
KITTW,"Nauticus Robotics, Inc. - Warrant"
KLTO,"Klotho Neurosciences, Inc. - Common Stock"
KLTOW,"Klotho Neurosciences, Inc. - Warrants"
KPLT,"Katapult Holdings, Inc. - Common Stock"
KPLTW,"Katapult Holdings, Inc. - Warrant"
KTTA,Pasithea Therapeutics Corp. - Common Stock
KTTAW,Pasithea Therapeutics Corp. - Warrant
KVAC,Keen Vision Acquisition Corporation - Ordinary Shares
KVACU,Keen Vision Acquisition Corporation - Units
KVACU,Keen Vision Acquisition Corporation - Units
KVACW,Keen Vision Acquisition Corporation - Warrant
KWE,"KWESST Micro Systems Inc. - common stock, no R/S concurrent with offering"
KWESW,KWESST Micro Systems Inc. - warrant
LAND,Gladstone Land Corporation - Common Stock
LANDM,Gladstone Land Corporation - 5.00% Series D Cumulative Term Preferred Stock
LANDM,Gladstone Land Corporation - 5.00% Series D Cumulative Term Preferred Stock
LANDO,Gladstone Land Corporation - 6.00% Series B Cumulative Redeemable Preferred Stock
LANDO,Gladstone Land Corporation - 6.00% Series B Cumulative Redeemable Preferred Stock
LANDP,Gladstone Land Corporation - 6.00% Series C Cumulative Redeemable Preferred Stock
LBRDA,Liberty Broadband Corporation - Class A Common Stock
LBRDK,Liberty Broadband Corporation - Class C Common Stock
LBRDK,Liberty Broadband Corporation - Class C Common Stock
LBRDP,Liberty Broadband Corporation - Series A Cumulative Redeemable Preferred Stock
LBRDP,Liberty Broadband Corporation - Series A Cumulative Redeemable Preferred Stock
LBTYA,Liberty Global Ltd. - Class A Common Shares
LBTYA,Liberty Global Ltd. - Class A Common Shares
LBTYB,Liberty Global Ltd. - Class B Common Shares
LBTYB,Liberty Global Ltd. - Class B Common Shares
LBTYK,Liberty Global Ltd. - Class C Common Shares
LCFY,Locafy Limited - Ordinary Share
LCFYW,Locafy Limited - Warrant
LDTC,LeddarTech Holdings Inc. - Common Shares
LDTCW,LeddarTech Holdings Inc. - Warrants
LEXX,Lexaria Bioscience Corp. - Common Stock
LEXXW,Lexaria Bioscience Corp. - Warrant
LFLY,"Leafly Holdings, Inc. - Common Stock"
LFLYW,"Leafly Holdings, Inc. - Warrant"
LFMD,"LifeMD, Inc. - Common Stock"
LFMDP,"LifeMD, Inc. - 8.875% Series A Cumulative Perpetual Preferred Stock"
LGHL,Lion Group Holding Ltd. - American Depositary Share
LGHLW,Lion Group Holding Ltd. - Warrant
LIDR,"AEye, Inc. - Class A Common Stock"
LIDRW,"AEye, Inc. - Warrant"
LILA,Liberty Latin America Ltd. - Class A Common Stock
LILAK,Liberty Latin America Ltd. - Class C Common Stock
LIXT,"Lixte Biotechnology Holdings, Inc. - Common Stock"
LIXTW,"Lixte Biotechnology Holdings, Inc. - Warrants"
LLYVA,Liberty Media Corporation - Series A Liberty Live Common Stock
LLYVK,Liberty Media Corporation - Series C Liberty Live Common Stock
LNZA,"LanzaTech Global, Inc. - Common Stock"
LNZAW,"LanzaTech Global, Inc. - Warrant"
LOT,Lotus Technology Inc. - American Depositary Shares
LOTWW,Lotus Technology Inc. - Warrants
LPAA,Launch One Acquisition Corp. - Class A Ordinary Shares
LPAAU,Launch One Acquisition Corp. - Unit
LPAAU,Launch One Acquisition Corp. - Unit
LPAAW,Launch One Acquisition Corp. - Warrant
LPAAW,Launch One Acquisition Corp. - Warrant
LPBB,Launch Two Acquisition Corp. - Class A Ordinary Shares
LPBB,Launch Two Acquisition Corp. - Class A Ordinary Shares
LPBBU,Launch Two Acquisition Corp. - Unit
LPBBU,Launch Two Acquisition Corp. - Unit
LPBBW,Launch Two Acquisition Corp. - Warrant
LSEA,Landsea Homes Corporation - Common Stock
LSEAW,Landsea Homes Corporation - Warrant
LTRY,"Lottery.com, Inc. - Common Stock"
LTRYW,"Lottery.com, Inc. - Warrant"
LUCY,"Innovative Eyewear, Inc. - Common Stock"
LUCYW,"Innovative Eyewear, Inc. - Warrants"
LUNR,"Intuitive Machines, Inc. - Class A Common Stock"
LUNRW,"Intuitive Machines, Inc. - Warrants"
LUXH,LuxUrban Hotels Inc. - Common Stock
LUXHP,LuxUrban Hotels Inc. - 13.00% Series A Cumulative Redeemable Preferred Stock
LVRO,Lavoro Limited - Class A Ordinary Shares
LVROW,Lavoro Limited - Warrant
MACI,Melar Acquisition Corp. I - Class A Ordinary Shares
MACIU,Melar Acquisition Corp. I - Unit
MACIU,Melar Acquisition Corp. I - Unit
MACIW,Melar Acquisition Corp. I - Warrant
MAGS,Roundhill Magnificent Seven ETF
MAGX,Roundhill Daily 2X Long Magnificent Seven ETF
MAPS,"WM Technology, Inc. - Class A Common Stock"
MAPSW,"WM Technology, Inc. - Warrants"
MBAV,M3-Brigade Acquisition V Corp. - Class A Ordinary shares
MBAVU,M3-Brigade Acquisition V Corp. - Units
MBAVU,M3-Brigade Acquisition V Corp. - Units
MBAVW,M3-Brigade Acquisition V Corp. - Warrant
MBIN,Merchants Bancorp - Common Stock
MBINL,"Merchants Bancorp - Depositary Shares, Each Representing a 1/40th Interest in a Share of 7.625% Fixed Rate Series E Non-Cumulative Perpetual Preferred Stock, without par value"
MBINL,"Merchants Bancorp - Depositary Shares, Each Representing a 1/40th Interest in a Share of 7.625% Fixed Rate Series E Non-Cumulative Perpetual Preferred Stock, without par value"
MBINM,"Merchants Bancorp - Depositary Shares, Each Representing a 1/40th Interest in a Share of 8.25% Fixed-Rate Reset Series D Non-Cumulative Perpetual Preferred Stock"
MBINM,"Merchants Bancorp - Depositary Shares, Each Representing a 1/40th Interest in a Share of 8.25% Fixed-Rate Reset Series D Non-Cumulative Perpetual Preferred Stock"
MBINN,Merchants Bancorp - Depositary Shares 6.00% Fixed Rate Series C Non-Cumulative Perpetual Preferred Stock
MDAI,"Spectral AI, Inc. - Class A Common Stock"
MDAIW,"Spectral AI, Inc. - Warrants"
MDCX,Medicus Pharma Ltd. - Common Stock
MDCXW,Medicus Pharma Ltd. - Warrant
METC,"Ramaco Resources, Inc. - Class A Common Stock"
METCB,"Ramaco Resources, Inc. - Class B Common Stock"
METCB,"Ramaco Resources, Inc. - Class B Common Stock"
METCL,"Ramaco Resources, Inc. - 9.00% Senior Notes due 2026"
METCL,"Ramaco Resources, Inc. - 9.00% Senior Notes due 2026"
METCZ,"Ramaco Resources, Inc. - 8.375% Senior Notes due 2029"
METD,Direxion Daily META Bear 1X Shares
METU,Direxion Daily META Bull 2X Shares
MFIC,MidCap Financial Investment Corporation - Closed End Fund
MFICL,MidCap Financial Investment Corporation - 8.00% Notes due 2028
MKDW,MKDWELL Tech Inc. - Ordinary Shares
MKDWW,MKDWELL Tech Inc. - Warrants
MLEC,Moolec Science SA - Ordinary shares
MLECW,Moolec Science SA - Warrant
MNSB,"MainStreet Bancshares, Inc. - Common Stock"
MNSBP,"MainStreet Bancshares, Inc. - Depositary Shares"
MNTS,Momentus Inc. - Class A Common Stock
MNTSW,Momentus Inc. - Warrant
MNY,MoneyHero Limited - Class A Ordinary Shares
MNYWW,MoneyHero Limited - Warrants
MOB,Mobilicom Limited - American Depositary Shares
MOBBW,Mobilicom Limited - Warrants
MOBX,"Mobix Labs, Inc. - Class A Common Stock"
MOBXW,"Mobix Labs, Inc. - Warrants"
MRNO,Murano Global Investments PLC - Ordinary Shares
MRNOW,Murano Global Investments PLC - Warrants
MSAI,"MultiSensor AI Holdings, Inc. - Common Stock"
MSAIW,"MultiSensor AI Holdings, Inc. - Warrants"
MSBI,"Midland States Bancorp, Inc. - Common Stock"
MSBIP,"Midland States Bancorp, Inc. - Depositary Shares Each Representing a 1/40th Interest in a Share of 7.750% Fixed-Rate Reset Non-Cumulative Perpetual Preferred Stock, Series A"
MSPR,"MSP Recovery, Inc. - Class A Common Stock"
MSPRW,"MSP Recovery, Inc. - Warrant"
MSPRW,"MSP Recovery, Inc. - Warrant"
MSPRZ,"MSP Recovery, Inc. - Warrant"
MSSA,Metal Sky Star Acquisition Corporation - Ordinary shares
MSSAR,Metal Sky Star Acquisition Corporation - Right
MSSAR,Metal Sky Star Acquisition Corporation - Right
MSSAU,Metal Sky Star Acquisition Corporation - Unit
MSSAU,Metal Sky Star Acquisition Corporation - Unit
MSSAW,Metal Sky Star Acquisition Corporation - Warrant
MTEK,Maris-Tech Ltd. - ordinary shares
MTEKW,Maris-Tech Ltd. - Warrants
MVST,"Microvast Holdings, Inc. - Common Stock"
MVSTW,"Microvast Holdings, Inc. - Warrant"
MYCF,SPDR SSGA My2026 Corporate Bond ETF
MYCG,SPDR SSGA My2027 Corporate Bond ETF
MYCG,SPDR SSGA My2027 Corporate Bond ETF
MYCH,SPDR SSGA My2028 Corporate Bond ETF
MYCH,SPDR SSGA My2028 Corporate Bond ETF
MYCI,SPDR SSGA My2029 Corporate Bond ETF
MYCI,SPDR SSGA My2029 Corporate Bond ETF
MYCJ,SPDR SSGA My2030 Corporate Bond ETF
MYCJ,SPDR SSGA My2030 Corporate Bond ETF
MYCK,SPDR SSGA My2031 Corporate Bond ETF
MYCK,SPDR SSGA My2031 Corporate Bond ETF
MYCL,SPDR SSGA My2032 Corporate Bond ETF
MYCL,SPDR SSGA My2032 Corporate Bond ETF
MYCM,SPDR SSGA My2033 Corporate Bond ETF
MYCM,SPDR SSGA My2033 Corporate Bond ETF
MYCN,SPDR SSGA My2034 Corporate Bond ETF
MYMF,SPDR SSGA My2026 Municipal Bond ETF
MYMG,SPDR SSGA My2027 Municipal Bond ETF
MYMG,SPDR SSGA My2027 Municipal Bond ETF
MYMH,SPDR SSGA My2028 Municipal Bond ETF
MYMH,SPDR SSGA My2028 Municipal Bond ETF
MYMI,SPDR SSGA My2029 Municipal Bond ETF
MYMI,SPDR SSGA My2029 Municipal Bond ETF
MYMJ,SPDR SSGA My2030 Municipal Bond ETF
MYPS,"PLAYSTUDIOS, Inc.  - Class A Common Stock"
MYPSW,"PLAYSTUDIOS, Inc.  - Warrant"
NAMS,NewAmsterdam Pharma Company N.V. - Ordinary Shares
NAMSW,NewAmsterdam Pharma Company N.V. - Warrant
NCPL,Netcapital Inc. - Common Stock
NCPLW,Netcapital Inc. - warrants
NEHC,New Era Helium Inc - Common Stock
NEHCW,New Era Helium Inc - Warrants
NEOV,NeoVolta Inc. - Common Stock
NEOVW,NeoVolta Inc. - Warrant
NESR,National Energy Services Reunited Corp - Ordinary Shares
NESRW,National Energy Services Reunited Corp - Warrants
NETD,Nabors Energy Transition Corp. II - Class A Ordinary Shares
NETDU,Nabors Energy Transition Corp. II - Unit
NETDU,Nabors Energy Transition Corp. II - Unit
NETDW,Nabors Energy Transition Corp. II - Warrant
NEWT,"NewtekOne, Inc. - Common Stock"
NEWTG,"NewtekOne, Inc. - 8.50% Fixed Rate Senior Notes due 2029"
NEWTG,"NewtekOne, Inc. - 8.50% Fixed Rate Senior Notes due 2029"
NEWTH,"NewtekOne, Inc. - 8.625% Fixed Rate Senior Notes due 2029"
NEWTH,"NewtekOne, Inc. - 8.625% Fixed Rate Senior Notes due 2029"
NEWTI,"NewtekOne, Inc. - 8.00% Fixed Rate Senior Notes due 2028"
NEWTI,"NewtekOne, Inc. - 8.00% Fixed Rate Senior Notes due 2028"
NEWTZ,"NewtekOne, Inc. - 5.50% Notes Due 2026"
NFXL,Direxion Daily NFLX Bull 2X Shares
NFXS,Direxion Daily NFLX Bear 1X Shares
NHPAP,"National Healthcare Properties, Inc. - 7.375% Series A Cumulative Redeemable Perpetual Preferred Stock"
NHPBP,"National Healthcare Properties, Inc. - 7.125% Series B Cumulative Redeemable Perpetual Preferred Stock"
NIVF,NewGenIvf Group Limited - Class A Ordinary Shares
NIVFW,NewGenIvf Group Limited - Warrants
NIXX,"Nixxy, Inc. - Common Stock"
NIXXW,"Nixxy, Inc. - Warrant"
NKGN,"NKGen Biotech, Inc. - Common Stock"
NKGNW,"NKGen Biotech, Inc. - Warrants"
NLSP,NLS Pharmaceutics Ltd. - Common Shares
NLSPW,NLS Pharmaceutics Ltd. - Warrant
NMFC,New Mountain Finance Corporation - Common Stock
NMFCZ,New Mountain Finance Corporation - 8.250% Notes due 2028
NN,NextNav Inc. - Common stock
NNAVW,NextNav Inc. - Warrant
NNDM,Nano Dimension Ltd. - American Depositary Shares
NNE,Nano Nuclear Energy Inc. - common stock
NOEM,CO2 Energy Transition Corp. - Common Stock
NOEMR,CO2 Energy Transition Corp. - Right
NOEMR,CO2 Energy Transition Corp. - Right
NOEMU,CO2 Energy Transition Corp. - Unit
NOEMU,CO2 Energy Transition Corp. - Unit
NOEMW,CO2 Energy Transition Corp. - Warrant
NRSN,NeuroSense Therapeutics Ltd. - Ordinary Shares
NRSNW,NeuroSense Therapeutics Ltd. - Warrant
NRXP,"NRX Pharmaceuticals, Inc. - Common Stock"
NRXPW,"NRX Pharmaceuticals, Inc. - Warrant"
NTRB,Nutriband Inc. - Common Stock
NTRBW,Nutriband Inc. - Warrant
NTRS,Northern Trust Corporation - Common Stock
NTRSO,"Northern Trust Corporation - Depositary Shares Each Representing a 1/1,000th Interest in a Share of Series E Non-Cumulative Perpetual Preferred Stock"
NTWO,Newbury Street II Acquisition Corp - Class A Ordinary Shares
NTWOU,Newbury Street II Acquisition Corp - Unit
NTWOU,Newbury Street II Acquisition Corp - Unit
NTWOW,Newbury Street II Acquisition Corp - Warrant
NUKK,Nukkleus Inc. - Ordinary Shares
NUKKW,Nukkleus Inc. - Warrants
NVA,Nova Minerals Limited - American Depositary Shares
NVAWW,Nova Minerals Limited - Warrant
NVFY,"Nova Lifestyle, Inc - Common Stock"
NVMI,Nova Ltd. - Ordinary Shares
NVNI,Nvni Group Limited - Ordinary Shares
NVNIW,Nvni Group Limited - Warrants
NVVE,Nuvve Holding Corp. - Common Stock
NVVEW,Nuvve Holding Corp. - Warrant
NWS,News Corporation - Class B Common Stock
NWSA,News Corporation - Class A Common Stock
NWTN,NWTN Inc. - Class B Ordinary Shares
NWTNW,NWTN Inc. - Warrant
NXGL,"NexGel, Inc - Common Stock"
NXGLW,"NexGel, Inc - Warrant"
NXL,"Nexalin Technology, Inc. - Common Stock"
NXLIW,"Nexalin Technology, Inc. - Warrant"
NXPL,NextPlat Corp - Common Stock
NXPLW,NextPlat Corp - Warrants
NYMT,"New York Mortgage Trust, Inc. - Common Stock"
NYMTG,"New York Mortgage Trust, Inc. - 9.125% Senior Notes Due 2030"
NYMTG,"New York Mortgage Trust, Inc. - 9.125% Senior Notes Due 2030"
NYMTI,"New York Mortgage Trust, Inc. - 9.125% Senior Notes Due 2029"
NYMTI,"New York Mortgage Trust, Inc. - 9.125% Senior Notes Due 2029"
NYMTL,"New York Mortgage Trust, Inc. - 6.875% Series F Fixed-to-Floating Rate Cumulative Redeemable Preferred Stock, $0.01 par value per share"
NYMTL,"New York Mortgage Trust, Inc. - 6.875% Series F Fixed-to-Floating Rate Cumulative Redeemable Preferred Stock, $0.01 par value per share"
NYMTM,"New York Mortgage Trust, Inc. - 7.875% Series E Fixed-to-Floating Rate Cumulative Redeemable Preferred Stock"
NYMTM,"New York Mortgage Trust, Inc. - 7.875% Series E Fixed-to-Floating Rate Cumulative Redeemable Preferred Stock"
NYMTN,"New York Mortgage Trust, Inc. - 8.00% Series D Fixed-to-Floating Rate Cumulative Redeemable Preferred Stock"
NYMTN,"New York Mortgage Trust, Inc. - 8.00% Series D Fixed-to-Floating Rate Cumulative Redeemable Preferred Stock"
NYMTZ,"New York Mortgage Trust, Inc. - 7.000% Series G Cumulative Redeemable Preferred Stock, $0.01 par value per share"
NZAC,SPDR MSCI ACWI Climate Paris Aligned ETF
NZUS,SPDR MSCI USA Climate Paris Aligned ETF
OABI,"OmniAb, Inc. - Common Stock"
OABIW,"OmniAb, Inc. - Warrant"
OACC,Oaktree Acquisition Corp. III Life Sciences - Class A Ordinary Share
OACCU,Oaktree Acquisition Corp. III Life Sciences - Unit
OACCU,Oaktree Acquisition Corp. III Life Sciences - Unit
OACCW,Oaktree Acquisition Corp. III Life Sciences - Warrant
OAKU,Oak Woods Acquisition Corporation - Class A Ordinary Shares
OAKUR,Oak Woods Acquisition Corporation - Right
OAKUR,Oak Woods Acquisition Corporation - Right
OAKUU,Oak Woods Acquisition Corporation - Unit
OAKUU,Oak Woods Acquisition Corporation - Unit
OAKUW,Oak Woods Acquisition Corporation - Warrant
OCCI,"OFS Credit Company, Inc. - Closed End Fund"
OCCIM,"OFS Credit Company, Inc. - 7.875% Series F Term Preferred Stock"
OCCIM,"OFS Credit Company, Inc. - 7.875% Series F Term Preferred Stock"
OCCIN,"OFS Credit Company, Inc. - 5.25% Series E Term Preferred Stock Due 2026"
OCCIN,"OFS Credit Company, Inc. - 5.25% Series E Term Preferred Stock Due 2026"
OCCIO,"OFS Credit Company, Inc. - 6.125% Series C Term Preferred Stock"
OCEA,"Ocean Biomedical, Inc. - Common Stock"
OCEAW,"Ocean Biomedical, Inc. - Warrants"
OCFC,OceanFirst Financial Corp. - Common Stock
OCFCP,OceanFirst Financial Corp. - Depositary Shares
OCS,Oculis Holding AG - Ordinary shares
OCSAW,Oculis Holding AG - Warrants
OFS,OFS Capital Corporation - Closed End Fund
OFSSH,OFS Capital Corporation - 4.95% Notes due 2028
ONB,Old National Bancorp - Common Stock
ONBPO,"Old National Bancorp - Depositary Shares, Each Representing a 1/40th Interest in a Share of Series C Preferred Stock"
ONBPO,"Old National Bancorp - Depositary Shares, Each Representing a 1/40th Interest in a Share of Series C Preferred Stock"
ONBPP,"Old National Bancorp - Depositary Shares, Each Representing a 1/40th Interest in a Share of Series A Preferred Stock"
ONFO,Onfolio Holdings Inc. - Common Stock
ONFOW,Onfolio Holdings Inc. - Warrant
ONMD,OneMedNet Corp - Class A Common Stock
ONMDW,OneMedNet Corp - Warrant
OPI,Office Properties Income Trust - Common Shares of Beneficial Interest
OPINL,Office Properties Income Trust - 6.375% Senior Notes due 2050
OPTX,"Syntec Optics Holdings, Inc. - Class A Common Stock"
OPTXW,"Syntec Optics Holdings, Inc. - Warrant"
ORGN,"Origin Materials, Inc. - Class A Common Stock"
ORGNW,"Origin Materials, Inc. - Warrant"
OUST,"Ouster, Inc. - Common Stock"
OUSTW,"Ouster, Inc. - Warrants"
OUSTW,"Ouster, Inc. - Warrants"
OUSTZ,"Ouster, Inc. - Warrants"
OXBR,Oxbridge Re Holdings Limited - Ordinary Shares
OXBRW,Oxbridge Re Holdings Limited - Warrant
OXLC,Oxford Lane Capital Corp. - Closed End Fund
OXLCI,Oxford Lane Capital Corp. - 8.75% Notes due 2030
OXLCI,Oxford Lane Capital Corp. - 8.75% Notes due 2030
OXLCL,Oxford Lane Capital Corp. - 6.75% Notes due 2031
OXLCL,Oxford Lane Capital Corp. - 6.75% Notes due 2031
OXLCN,Oxford Lane Capital Corp. - 7.125% Series 2029 Term Preferred Stock
OXLCN,Oxford Lane Capital Corp. - 7.125% Series 2029 Term Preferred Stock
OXLCO,"Oxford Lane Capital Corp. - Preferred Stock Shares, 6.00% Series 2029"
OXLCO,"Oxford Lane Capital Corp. - Preferred Stock Shares, 6.00% Series 2029"
OXLCP,Oxford Lane Capital Corp. - 6.25% Series 2027 Term Preferred Shares
OXLCP,Oxford Lane Capital Corp. - 6.25% Series 2027 Term Preferred Shares
OXLCZ,Oxford Lane Capital Corp. - 5.00% Notes due 2027
OXLCZ,Oxford Lane Capital Corp. - 5.00% Notes due 2027
OXSQ,Oxford Square Capital Corp. - Closed End Fund
OXSQ,Oxford Square Capital Corp. - Closed End Fund
OXSQG,Oxford Square Capital Corp. - 5.50% Notes due 2028
OXSQG,Oxford Square Capital Corp. - 5.50% Notes due 2028
OXSQZ,Oxford Square Capital Corp. - 6.25% Notes due 2026
OZK,Bank OZK - Common Stock
OZKAP,Bank OZK - 4.625% Series A Non-Cumulative Perpetual Preferred Stock
PABD,iShares Paris-Aligned Climate MSCI World ex USA ETF
PABU,iShares Paris-Aligned Climate MSCI USA ETF
PARA,Paramount Global - Class B Common Stock
PARAA,Paramount Global - Class A Common Stock
PAVM,PAVmed Inc. - Common Stock
PAVMZ,PAVmed Inc. - Series Z Warrant
PBM,Psyence Biomedical Ltd. - Ordinary Shares
PBMWW,Psyence Biomedical Ltd. - Warrant
PCT,"PureCycle Technologies, Inc. - Common stock"
PCTTU,"PureCycle Technologies, Inc. - Unit"
PCTTU,"PureCycle Technologies, Inc. - Unit"
PCTTW,"PureCycle Technologies, Inc. - Warrant"
PDBA,Invesco Agriculture Commodity Strategy No K-1 ETF
PDBC,Invesco Optimum Yield Diversified Commodity Strategy No K-1 ETF
PDYN,Palladyne AI Corp. - Common stock
PDYNW,Palladyne AI Corp. - Warrant
PEBK,"Peoples Bancorp of North Carolina, Inc. - Common Stock"
PEBO,Peoples Bancorp Inc. - Common Stock
PEY,Invesco High Yield Equity Dividend Achievers ETF
PEZ,Invesco Dorsey Wright Consumer Cyclicals Momentum ETF
PFX,PhenixFIN Corporation  - Common Stock
PFXNZ,PhenixFIN Corporation  - 5.25% Notes due 2028
PGY,Pagaya Technologies Ltd. - Class A Ordinary Shares
PGYWW,Pagaya Technologies Ltd. - Warrants
PID,Invesco International Dividend Achievers ETF
PIE,Invesco Dorsey Wright Emerging Markets Momentum ETF
PIII,P3 Health Partners Inc. - Class A Common Stock
PIIIW,P3 Health Partners Inc. - Warrant
PITA,Heramba Electric plc - Ordinary Shares
PITAW,Heramba Electric plc - Warrants
PLMJ,Plum Acquisition Corp. III - Class A Ordinary Shares
PLMJU,Plum Acquisition Corp. III - Unit
PLMJU,Plum Acquisition Corp. III - Unit
PLMJW,Plum Acquisition Corp. III - Warrant
PLMJW,Plum Acquisition Corp. III - Warrant
PLMKU,Plum Acquisition Corp. IV - Unit
PNFP,"Pinnacle Financial Partners, Inc. - Common Stock"
PNFPP,"Pinnacle Financial Partners, Inc. - Depositary shares of Pinnacle Financial Partners, Inc., each representing a 1/40th Interest in a share of its 6.75% Fixed-Rate Non-Cumulative Perpetual Preferred Stock, Series B"
POLE,Andretti Acquisition Corp. II - Class A Ordinary Shares
POLEU,Andretti Acquisition Corp. II - Unit
POLEU,Andretti Acquisition Corp. II - Unit
POLEW,Andretti Acquisition Corp. II - Warrant
POWW,"AMMO, Inc. - Common Stock"
POWWP,"AMMO, Inc. - 8.75% Series A Cumulative Redeemable Perpetual Preferred Stock"
PPYA,Papaya Growth Opportunity Corp. I - Class A Common Stock
PPYAU,Papaya Growth Opportunity Corp. I - Unit
PPYAU,Papaya Growth Opportunity Corp. I - Unit
PPYAW,Papaya Growth Opportunity Corp. I - Warrant
PQAP,PGIM Nasdaq-100 Buffer 12 ETF - April
PQJA,PGIM Nasdaq-100 Buffer 12 ETF - January
PQJA,PGIM Nasdaq-100 Buffer 12 ETF - January
PQJL,PGIM Nasdaq-100 Buffer 12 ETF - July
PQJL,PGIM Nasdaq-100 Buffer 12 ETF - July
PQOC,PGIM Nasdaq-100 Buffer 12 ETF - October
PRE,Prenetics Global Limited - Class A Ordinary Share
PRENW,Prenetics Global Limited - Warrant
PROC,"Procaps Group, S.A. - Ordinary Shares"
PROCW,"Procaps Group, S.A. - Warrants"
PSCC,Invesco S&P SmallCap Consumer Staples ETF
PSCD,Invesco S&P SmallCap Consumer Discretionary ETF
PSCD,Invesco S&P SmallCap Consumer Discretionary ETF
PSCE,Invesco S&P SmallCap Energy ETF
PSCE,Invesco S&P SmallCap Energy ETF
PSCF,Invesco S&P SmallCap Financials ETF
PSCF,Invesco S&P SmallCap Financials ETF
PSCH,Invesco S&P SmallCap Health Care ETF
PSCH,Invesco S&P SmallCap Health Care ETF
PSCI,Invesco S&P SmallCap Industrials ETF
PSCI,Invesco S&P SmallCap Industrials ETF
PSCM,Invesco S&P SmallCap Materials ETF
PSCM,Invesco S&P SmallCap Materials ETF
PSCT,Invesco S&P SmallCap Information Technology ETF
PSCT,Invesco S&P SmallCap Information Technology ETF
PSCU,Invesco S&P SmallCap Utilities & Communication Services ETF
PSNY,Polestar Automotive Holding UK Limited - Class A ADS
PSNYW,Polestar Automotive Holding UK Limited - Class C-1 ADS (ADW)
PTC,PTC Inc. - Common Stock
PTCT,"PTC Therapeutics, Inc. - Common Stock"
PTIX,"Protagenic Therapeutics, Inc. - Common Stock"
PTIXW,"Protagenic Therapeutics, Inc. - Warrant"
PWUP,PowerUp Acquisition Corp. - Class A Ordinary Shares
PWUPU,PowerUp Acquisition Corp. - Unit
PWUPU,PowerUp Acquisition Corp. - Unit
PWUPW,PowerUp Acquisition Corp. - Warrant
PXS,Pyxis Tankers Inc. - Common Stock
PXSAW,Pyxis Tankers Inc. - Warrant
QETA,Quetta Acquisition Corporation - Common Stock
QETAR,Quetta Acquisition Corporation - Right
QETAR,Quetta Acquisition Corporation - Right
QETAU,Quetta Acquisition Corporation - Unit
QOWZ,Invesco Nasdaq Free Cash Flow Achievers ETF
QQA,Invesco QQQ Income Advantage ETF
QQJG,Invesco ESG NASDAQ Next Gen 100 ETF
QQLV,Invesco QQQ Low Volatility ETF
QQLV,Invesco QQQ Low Volatility ETF
QQMG,Invesco ESG NASDAQ 100 ETF
QQMG,Invesco ESG NASDAQ 100 ETF
QQQ,"Invesco QQQ Trust, Series 1"
QQQJ,Invesco NASDAQ Next Gen 100 ETF
QQQM,Invesco NASDAQ 100 ETF
QRTEA,"Qurate Retail, Inc. - Series A Common Stock"
QRTEB,"Qurate Retail, Inc. - Series B Common Stock"
QRTEB,"Qurate Retail, Inc. - Series B Common Stock"
QRTEP,"Qurate Retail, Inc. - 8.0% Fixed Rate Cumulative Redeemable Preferred Stock"
QSI,Quantum-Si Incorporated - Class A Common Stock
QSIAW,Quantum-Si Incorporated - Warrant
QYLD,Global X NASDAQ 100 Covered Call ETF
QYLE,Global X Nasdaq 100 ESG Covered Call ETF
QYLE,Global X Nasdaq 100 ESG Covered Call ETF
QYLG,Global X Nasdaq 100 Covered Call & Growth ETF
RAIN,"Rain Enhancement Technologies Holdco, Inc. - Class A Common Stock"
RAINW,"Rain Enhancement Technologies Holdco, Inc. - Warrants"
RANG,Range Capital Acquisition Corp. - Ordinary Shares
RANGR,Range Capital Acquisition Corp. - Rights
RANGR,Range Capital Acquisition Corp. - Rights
RANGU,Range Capital Acquisition Corp. - Units
RCKT,"Rocket Pharmaceuticals, Inc. - Common Stock"
RCKTW,"Rocket Pharmaceuticals, Inc. - Warrant"
RDAC,Rising Dragon Acquisition Corp. - Ordinary Shares
RDACR,Rising Dragon Acquisition Corp. - Rights
RDACR,Rising Dragon Acquisition Corp. - Rights
RDACU,Rising Dragon Acquisition Corp. - Unit
RDI,Reading International Inc - Class A Non-voting Common Stock
RDIB,Reading International Inc - Class B Voting Common Stock
RDZN,"Roadzen, Inc. - Ordinary Shares"
RDZNW,"Roadzen, Inc. - Warrants"
REAL,"The RealReal, Inc. - Common Stock"
REAX,"The Real Brokerage, Inc. - Common Shares"
REG,Regency Centers Corporation - Common Stock
REGCO,Regency Centers Corporation - 5.875% Series B Cumulative Redeemable Preferred Stock
REGCO,Regency Centers Corporation - 5.875% Series B Cumulative Redeemable Preferred Stock
REGCP,Regency Centers Corporation - 6.25% Series A Cumulative Redeemable Preferred Stock
RELI,"Reliance Global Group, Inc. - Common Stock"
RELIW,"Reliance Global Group, Inc. - Series A Warrants"
RENE,Cartesian Growth Corporation II - Class A Ordinary Shares
RENEU,Cartesian Growth Corporation II - Unit
RENEU,Cartesian Growth Corporation II - Unit
RENEW,Cartesian Growth Corporation II - Warrant
REVB,"Revelation Biosciences, Inc. - Common Stock"
REVBW,"Revelation Biosciences, Inc. - Warrant"
RFAC,RF Acquisition Corp. - Class A Common Stock
RFACR,RF Acquisition Corp. - Rights
RFACR,RF Acquisition Corp. - Rights
RFACU,RF Acquisition Corp. - Unit
RFACU,RF Acquisition Corp. - Unit
RFACW,RF Acquisition Corp. - Warrants
RFACW,RF Acquisition Corp. - Warrants
RFAI,RF Acquisition Corp II - Ordinary Shares
RFAI,RF Acquisition Corp II - Ordinary Shares
RFAIR,RF Acquisition Corp II - Right
RFAIR,RF Acquisition Corp II - Right
RFAIU,RF Acquisition Corp II - Unit
RFDI,First Trust RiverFront Dynamic Developed International ETF
RFEM,First Trust RiverFront Dynamic Emerging Markets ETF
RFEM,First Trust RiverFront Dynamic Emerging Markets ETF
RFEU,First Trust RiverFront Dynamic Europe ETF
RGTI,"Rigetti Computing, Inc.  - Common stock"
RGTIW,"Rigetti Computing, Inc.  - Redeemable warrants, each whole warrant exercisable for one Class A ordinary share at an exercise price of $11.50"
RILY,"B. Riley Financial, Inc. - Common Stock"
RILYG,"B. Riley Financial, Inc. - 5.00% Senior Notes due 2026"
RILYG,"B. Riley Financial, Inc. - 5.00% Senior Notes due 2026"
RILYK,"B. Riley Financial, Inc. - 5.50% Senior Notes Due 2026"
RILYK,"B. Riley Financial, Inc. - 5.50% Senior Notes Due 2026"
RILYL,"B. Riley Financial, Inc. - Depositary Shares, each representing a 1/1000th fractional interest in a share of Series B Cumulative Perpetual Preferred Stock"
RILYL,"B. Riley Financial, Inc. - Depositary Shares, each representing a 1/1000th fractional interest in a share of Series B Cumulative Perpetual Preferred Stock"
RILYM,"B. Riley Financial, Inc. - 6.375% Senior Notes due 2025"
RILYM,"B. Riley Financial, Inc. - 6.375% Senior Notes due 2025"
RILYN,"B. Riley Financial, Inc. - 6.50% Senior Notes Due 2026"
RILYN,"B. Riley Financial, Inc. - 6.50% Senior Notes Due 2026"
RILYP,"B. Riley Financial, Inc. - Depositary Shares, each representing a 1/1000th fractional interest in a share of Series A Cumulative Perpetual Preferred Stock"
RILYP,"B. Riley Financial, Inc. - Depositary Shares, each representing a 1/1000th fractional interest in a share of Series A Cumulative Perpetual Preferred Stock"
RILYT,"B. Riley Financial, Inc. - 6.00% Senior Notes Due 2028"
RILYT,"B. Riley Financial, Inc. - 6.00% Senior Notes Due 2028"
RILYZ,"B. Riley Financial, Inc. - 5.25% Senior Notes due 2028"
RMCO,Royalty Management Holding Corporation - Class A Common Stock
RMCOW,Royalty Management Holding Corporation - Warrant
RMSG,Real Messenger Corporation - Ordinary Shares
RMSGW,Real Messenger Corporation - Warrants
RNW,ReNew Energy Global plc - Class A Shares
RNWWW,ReNew Energy Global plc - Warrant
RRBI,"Red River Bancshares, Inc. - Common Stock"
RRGB,"Red Robin Gourmet Burgers, Inc. - Common Stock"
RRGB,"Red Robin Gourmet Burgers, Inc. - Common Stock"
RRR,"Red Rock Resorts, Inc. - Class A Common Stock"
RSVR,"Reservoir Media, Inc.. - Common Stock"
RSVRW,"Reservoir Media, Inc.. - Warrant"
RUM,Rumble Inc. - Class A Common Stock
RUMBW,Rumble Inc. - Warrant
RUSHA,"Rush Enterprises, Inc. - Class A Common Stock"
RUSHB,"Rush Enterprises, Inc. - Class B Common Stock"
RVMD,"Revolution Medicines, Inc. - Common Stock"
RVMDW,"Revolution Medicines, Inc. - Warrant"
RVPH,"Reviva Pharmaceuticals Holdings, Inc. - Common Stock"
RVPHW,"Reviva Pharmaceuticals Holdings, Inc. - Warrants"
RVSN,Rail Vision Ltd. - Ordinary Shares
RVSNW,Rail Vision Ltd. - Warrant
RWAY,Runway Growth Finance Corp. - Common Stock
RWAYL,Runway Growth Finance Corp. - 7.50% Notes due 2027
RWAYL,Runway Growth Finance Corp. - 7.50% Notes due 2027
RWAYZ,Runway Growth Finance Corp. - 8.00% Notes due 2027
RZLV,Rezolve AI Limited - Ordinary Shares
RZLVW,Rezolve AI Limited - Warrants
SABS,"SAB Biotherapeutics, Inc. - Common Stock"
SABSW,"SAB Biotherapeutics, Inc. - Warrant"
SAIH,SAIHEAT Limited - Class A Ordinary Shares
SAIHW,SAIHEAT Limited - Warrant
SATL,Satellogic Inc. - Class A Ordinary Shares
SATLW,Satellogic Inc. - Warrant
SBFM,Sunshine Biopharma Inc. - Common stock
SBFMW,Sunshine Biopharma Inc. - Warrant
SCLX,Scilex Holding Company - Common Stock
SCLXW,Scilex Holding Company - Warrant
SDA,SunCar Technology Group Inc. - Ordinary Shares
SDAWW,SunCar Technology Group Inc. - Warrant
SDST,Stardust Power Inc. - Common Stock
SDSTW,Stardust Power Inc. - Warrant
SEAT,Vivid Seats Inc. - Class A common stock
SEATW,Vivid Seats Inc. - Warrant
SEIC,SEI Investments Company - Common Stock
SEIE,SEI Select International Equity ETF
SEIE,SEI Select International Equity ETF
SEIS,SEI Select Small Cap ETF
SENEA,Seneca Foods Corp. - Class A Common Stock
SENEB,Seneca Foods Corp. - Class B Common Stock
SHFS,"SHF Holdings, Inc. - Class A Common Stock"
SHFSW,"SHF Holdings, Inc. - Warrants"
SHMD,SCHMID Group N.V. - Class A Ordinary Shares
SHMDW,SCHMID Group N.V. - Warrants
SHOT,"Safety Shot, Inc. - Common Stock"
SHOTW,"Safety Shot, Inc. - Warrant"
SHV,iShares Short Treasury Bond ETF
SHY,iShares 1-3 Year Treasury Bond ETF
SIGI,"Selective Insurance Group, Inc. - Common Stock"
SIGIP,"Selective Insurance Group, Inc. - Depositary Shares, each representing a 1/1,000th interest in a share of 4.60% Non-Cumulative Preferred Stock, Series B"
SIMA,SIM Acquisition Corp. I - Class A Ordinary Shares
SIMAU,SIM Acquisition Corp. I - Unit
SIMAU,SIM Acquisition Corp. I - Unit
SIMAW,SIM Acquisition Corp. I - Warrant
SJCP,SanJac Alpha Core Plus Bond ETF
SJLD,SanJac Alpha Low Duration ETF
SKGR,SK Growth Opportunities Corporation - Class A Common Stock
SKGRU,SK Growth Opportunities Corporation - Unit
SKGRU,SK Growth Opportunities Corporation - Unit
SKGRW,SK Growth Opportunities Corporation - Warrant
SLDB,Solid Biosciences Inc. - Common Stock
SLDP,"Solid Power, Inc. - Class A Common Stock"
SLDP,"Solid Power, Inc. - Class A Common Stock"
SLDPW,"Solid Power, Inc. - Warrant"
SLM,SLM Corporation - Common Stock
SLMBP,"SLM Corporation - Floating Rate Non-Cumulative Preferred Stock, Series B"
SLNH,"Soluna Holdings, Inc. - Common Stock"
SLNHP,"Soluna Holdings, Inc. - 9.0% Series A Cumulative Perpetual Preferred Stock"
SLXN,Silexion Therapeutics Corp - Ordinary Shares
SLXNW,Silexion Therapeutics Corp - Warrant
SMH,VanEck Semiconductor ETF
SMHX,VanEck Fabless Semiconductor ETF
SNAX,"Stryve Foods, Inc. - Class A Common Stock"
SNAXW,"Stryve Foods, Inc. - Warrant"
SNCR,"Synchronoss Technologies, Inc. - Common Stock"
SNCRL,"Synchronoss Technologies, Inc. - 8.375% Senior Notes due 2026"
SOHO,Sotherly Hotels Inc. - Common Stock
SOHOB,Sotherly Hotels Inc. - 8.0% Series B Cumulative Redeemable Perpetual Preferred Stock
SOHOB,Sotherly Hotels Inc. - 8.0% Series B Cumulative Redeemable Perpetual Preferred Stock
SOHON,Sotherly Hotels Inc. - 8.25% Series D Cumulative Redeemable Perpetual Preferred Stock
SOHON,Sotherly Hotels Inc. - 8.25% Series D Cumulative Redeemable Perpetual Preferred Stock
SOHOO,Sotherly Hotels Inc. - 7.875% Series C Cumulative Redeemable Perpetual Preferred Stock
SOND,Sonder Holdings Inc. - Class A Common Stock
SONDW,Sonder Holdings Inc. - Warrants
SOUN,"SoundHound AI, Inc. - Class A Common Stock"
SOUNW,"SoundHound AI, Inc. - Warrant"
SPKL,Spark I Acquisition Corp. - Class A Ordinary Share
SPKLU,Spark I Acquisition Corp. - Unit
SPKLU,Spark I Acquisition Corp. - Unit
SPKLW,Spark I Acquisition Corp. - Warrant
SPYB,Tradr 2X Long SPY Weekly ETF
SPYM,Tradr 2X Long SPY Monthly ETF
SPYM,Tradr 2X Long SPY Monthly ETF
SPYQ,Tradr 2X Long SPY Quarterly ETF
SQFT,"Presidio Property Trust, Inc. - Class A Common Stock"
SQFTP,"Presidio Property Trust, Inc. - 9.375% Series D Cumulative Redeemable Perpetual Preferred Stock, $0.01 par value per share"
SQFTP,"Presidio Property Trust, Inc. - 9.375% Series D Cumulative Redeemable Perpetual Preferred Stock, $0.01 par value per share"
SQFTW,"Presidio Property Trust, Inc. - Series A Common Stock Purchase Warrants"
SRZN,"Surrozen, Inc. - Common Stock"
SRZNW,"Surrozen, Inc. - Warrant"
SSSS,SuRo Capital Corp. - Closed End Fund
SSSSL,SuRo Capital Corp. - 6.00% Notes due 2026
STRR,"Star Equity Holdings, Inc. - Common Stock"
STRRP,"Star Equity Holdings, Inc. - Series A Cumulative Perpetual Preferred Stock"
STSS,Sharps Technology Inc. - Common Stock
STSSW,Sharps Technology Inc. - Warrant
SUSB,iShares ESG Aware 1-5 Year USD Corporate Bond ETF
SUSC,iShares ESG Aware USD Corporate Bond ETF
SUSC,iShares ESG Aware USD Corporate Bond ETF
SUSL,iShares ESG MSCI USA Leaders ETF
SVII,Spring Valley Acquisition Corp. II - Class A Ordinary Shares
SVIIR,Spring Valley Acquisition Corp. II - Rights
SVIIR,Spring Valley Acquisition Corp. II - Rights
SVIIU,Spring Valley Acquisition Corp. II - Units
SVIIU,Spring Valley Acquisition Corp. II - Units
SVIIW,Spring Valley Acquisition Corp. II - Warrant
SVMH,SRIVARU Holding Limited - Ordinary Shares
SVMHW,SRIVARU Holding Limited - Warrant
SVRE,SaverOne 2014 Ltd. - American Depositary Shares
SVREW,SaverOne 2014 Ltd. - Warrant
SWAG,"Stran & Company, Inc. - Common Stock"
SWAGW,"Stran & Company, Inc. - Warrant"
SWKH,SWK Holdings Corporation - Common Stock
SWKHL,SWK Holdings Corporation - 9.00% Senior Notes due 2027
SWVL,Swvl Holdings Corp - Ordinary Shares
SWVLW,Swvl Holdings Corp - Warrant
SXTP,"60 Degrees Pharmaceuticals, Inc. - Common Stock"
SXTPW,"60 Degrees Pharmaceuticals, Inc. - Warrant"
SYTA,"Siyata Mobile, Inc. - Common Shares"
SYTAW,"Siyata Mobile, Inc. - Warrant"
TALK,"Talkspace, Inc. - Common Stock"
TALKW,"Talkspace, Inc. - Warrant"
TAVI,Tavia Acquisition Corp. - Ordinary Shares
TAVIR,Tavia Acquisition Corp. - Right
TAVIR,Tavia Acquisition Corp. - Right
TAVIU,Tavia Acquisition Corp. - Unit
TBLA,Taboola.com Ltd. - Ordinary Shares
TBLAW,Taboola.com Ltd. - Warrant
TBMC,Trailblazer Merger Corporation I - Class A Common Stock
TBMCR,Trailblazer Merger Corporation I - Rights
TCBI,"Texas Capital Bancshares, Inc. - Common Stock"
TCBIO,"Texas Capital Bancshares, Inc. - Depositary Shares 5.75% Fixed Rate Non-Cumulative Perpetual Preferred Stock Series B"
TCBP,TC BioPharm (Holdings) plc - American Depositary Shares
TCBPW,TC BioPharm (Holdings) plc - Warrants
TDSB,Cabana Target Beta ETF
TDSC,Cabana Target Drawdown 10 ETF
TECTP,"Tectonic Financial, Inc. - 9.00% Fixed-to-Floating Rate Series B Non-Cumulative Perpetual Preferred Stock"
TECX,"Tectonic Therapeutic, Inc. - Common Stock"
TETE,Technology & Telecommunication Acquisition Corporation - Class A Ordinary Shares
TETEU,Technology & Telecommunication Acquisition Corporation - Unit
TETEU,Technology & Telecommunication Acquisition Corporation - Unit
TETEW,Technology & Telecommunication Acquisition Corporation - Warrant
TFIN,"Triumph Financial, Inc. - Common Stock"
TFINP,"Triumph Financial, Inc. - Depositary Shares, Each Representing a 1/40th Interest in a Share of Series C Fixed-Rate Non-Cumulative Perpetual Preferred Stock"
TLSI,"TriSalus Life Sciences, Inc. - Common Stock"
TLSIW,"TriSalus Life Sciences, Inc. - Warrant"
TLTM,Tradr 2X Long TLT Monthly ETF
TLTQ,Tradr 1.75X Long TLT Quarterly ETF
TNON,"Tenon Medical, Inc. - Common Stock"
TNONW,"Tenon Medical, Inc. - Warrant"
TOI,"The Oncology Institute, Inc. - Common Stock"
TOIIW,"The Oncology Institute, Inc. - Warrant"
TPG,TPG Inc. - Class A Common Stock
TPGXL,TPG Inc. - 6.950% Fixed-Rate Junior Subordinated Notes due 2064
TRIB,Trinity Biotech plc - American Depositary Shares
TRIN,Trinity Capital Inc. - Common Stock
TRIN,Trinity Capital Inc. - Common Stock
TRINI,Trinity Capital Inc. - 7.875% Notes Due 2029
TRINI,Trinity Capital Inc. - 7.875% Notes Due 2029
TRINL,Trinity Capital Inc. - 7.00% Notes Due 2025
TRINL,Trinity Capital Inc. - 7.00% Notes Due 2025
TRINZ,Trinity Capital Inc. - 7.875% Notes due 2029
TSMX,Direxion Daily TSM Bull 2X Shares
TSMZ,Direxion Daily TSM Bear 1X Shares
TUG,STF Tactical Growth ETF
TUGN,STF Tactical Growth & Income ETF
TVGN,Tevogen Bio Holdings Inc. - Common Stock
TVGNW,Tevogen Bio Holdings Inc. - Warrant
TXN,Texas Instruments Incorporated - Common Stock
TXRH,"Texas Roadhouse, Inc. - Common Stock"
TXRH,"Texas Roadhouse, Inc. - Common Stock"
TXSS,Texas Capital Texas Small Cap Equity Index ETF
UAL,"United Airlines Holdings, Inc. - Common Stock"
UBCP,"United Bancorp, Inc. - Common Stock"
UBCP,"United Bancorp, Inc. - Common Stock"
UBFO,United Security Bancshares - Common Stock
UFPI,"UFP Industries, Inc. - Common Stock"
UFPT,"UFP Technologies, Inc. - Common Stock"
UHG,"United Homes Group, Inc - Class A Common Stock"
UHGWW,"United Homes Group, Inc - Warrant"
UITB,VictoryShares Core Intermediate Bond ETF
UIVM,VictoryShares International Value Momentum ETF
UK,Ucommune International Ltd  - Ordinary Shares
UKOMW,Ucommune International Ltd  - Warrant expiring 11/17/2025
UONE,"Urban One, Inc.  - Class A Common Stock"
UONEK,"Urban One, Inc.  - Class D Common Stock"
USGO,U.S. GoldMining Inc. - Common stock
USGOW,U.S. GoldMining Inc. - Warrant
USTB,VictoryShares Short-Term Bond ETF
USVM,VictoryShares US Small Mid Cap Value Momentum ETF
UTWO,US Treasury 2 Year Note ETF
UTWY,US Treasury 20 Year Bond ETF
VACH,Voyager Acquisition Corp - Class A Ordinary Shares
VACHU,Voyager Acquisition Corp - Unit
VACHU,Voyager Acquisition Corp - Unit
VACHW,Voyager Acquisition Corp - Warrants
VCIC,Vine Hill Capital Investment Corp. - Class A Ordinary Shares
VCICU,Vine Hill Capital Investment Corp. - Unit
VCICU,Vine Hill Capital Investment Corp. - Unit
VCICW,Vine Hill Capital Investment Corp. - Warrant
VCIT,Vanguard Intermediate-Term Corporate Bond ETF
VCLT,Vanguard Long-Term Corporate Bond ETF
VCLT,Vanguard Long-Term Corporate Bond ETF
VCRB,Vanguard Core Bond ETF
VEEA,Veea Inc. - Common Stock
VEEAW,Veea Inc. - Warrant
VFS,VinFast Auto Ltd. - Ordinary Shares
VFSWW,VinFast Auto Ltd. - Warrant
VGAS,"Verde Clean Fuels, Inc. - Class A Common Stock"
VGASW,"Verde Clean Fuels, Inc. - Warrant"
VGIT,Vanguard Intermediate-Term Treasury ETF
VGLT,Vanguard Long-Term Treasury ETF
VGLT,Vanguard Long-Term Treasury ETF
VGSH,Vanguard Short-Term Treasury ETF
VLY,Valley National Bancorp - Common Stock
VLYPN,"Valley National Bancorp - 8.250% Fixed-Rate Reset Non-Cumulative Perpetual Preferred Stock, Series C"
VLYPN,"Valley National Bancorp - 8.250% Fixed-Rate Reset Non-Cumulative Perpetual Preferred Stock, Series C"
VLYPO,Valley National Bancorp - 5.5% Fixed to Floating Rate Series B Non-Cumulative Perpetual Preferred Stock
VLYPO,Valley National Bancorp - 5.5% Fixed to Floating Rate Series B Non-Cumulative Perpetual Preferred Stock
VLYPP,Valley National Bancorp - 6.25% Fixed-to-Floating Rate Series A Non-Cumulative Perpetual Preferred Stock
VMCA,Valuence Merger Corp. I - Class A Ordinary Shares
VMCAU,Valuence Merger Corp. I - Unit
VMCAU,Valuence Merger Corp. I - Unit
VMCAW,Valuence Merger Corp. I - Warrant
VONE,Vanguard Russell 1000 ETF
VONG,Vanguard Russell 1000 Growth ETF
VONG,Vanguard Russell 1000 Growth ETF
VONV,Vanguard Russell 1000 Value ETF
VRME,"VerifyMe, Inc. - Common Stock"
VRMEW,"VerifyMe, Inc. - Warrant"
VSEE,"VSee Health, Inc. - Common Stock"
VSEEW,"VSee Health, Inc. - Warrant"
VSTE,Vast Renewables Limited - Ordinary Shares
VSTEW,Vast Renewables Limited - Warrants
VTHR,Vanguard Russell 3000 ETF
VTIP,Vanguard Short-Term Inflation-Protected Securities Index Fund ETF Shares
VTWG,Vanguard Russell 2000 Growth ETF
VTWO,Vanguard Russell 2000 ETF
VTWO,Vanguard Russell 2000 ETF
VTWV,Vanguard Russell 2000 Value ETF
WAFD,"WaFd, Inc. - Common Stock"
WAFDP,"WaFd, Inc. - Depositary Shares"
WALD,Waldencast plc - Class A Ordinary Share
WALDW,Waldencast plc - Warrant
WAVS,Western Acquisition Ventures Corp. - Common Stock
WAVSU,Western Acquisition Ventures Corp. - Unit
WAVSU,Western Acquisition Ventures Corp. - Unit
WAVSW,Western Acquisition Ventures Corp. - Warrant
WCBR,WisdomTree Cybersecurity Fund
WCLD,WisdomTree Cloud Computing Fund
WGS,GeneDx Holdings Corp. - Class A Common Stock
WGSWW,GeneDx Holdings Corp. - Warrant
WHF,"WhiteHorse Finance, Inc. - Closed End Fund"
WHFCL,"WhiteHorse Finance, Inc. - 7.875% Notes due 2028"
WHLR,"Wheeler Real Estate Investment Trust, Inc. - Common Stock"
WHLRD,"Wheeler Real Estate Investment Trust, Inc. - Series D Cumulative Preferred Stock"
WHLRD,"Wheeler Real Estate Investment Trust, Inc. - Series D Cumulative Preferred Stock"
WHLRL,"Wheeler Real Estate Investment Trust, Inc. - 7.00% Senior Subordinated Convertible Notes Due 2031"
WHLRL,"Wheeler Real Estate Investment Trust, Inc. - 7.00% Senior Subordinated Convertible Notes Due 2031"
WHLRP,"Wheeler Real Estate Investment Trust, Inc. - Series B Preferred Stock"
WINV,WinVest Acquisition Corp. - Common Stock
WINVR,WinVest Acquisition Corp. - Right
WINVR,WinVest Acquisition Corp. - Right
WINVU,WinVest Acquisition Corp. - Unit
WINVU,WinVest Acquisition Corp. - Unit
WINVW,WinVest Acquisition Corp. - Warrant
WLAC,Willow Lane Acquisition Corp. - Class A Ordinary Shares
WLACU,Willow Lane Acquisition Corp. - Unit
WLACU,Willow Lane Acquisition Corp. - Unit
WLACW,Willow Lane Acquisition Corp. - Warrants
WLDS,Wearable Devices Ltd. - Ordinary Share
WLDSW,Wearable Devices Ltd. - Warrant
WSBC,"WesBanco, Inc. - Common Stock"
WSBCP,"WesBanco, Inc. - Depositary Shares, Each Representing a 1/40th Interest in a Share of 6.75% Fixed-Rate Reset Non-Cumulative Perpetual Preferred Stock, Series A"
WTFC,Wintrust Financial Corporation - Common Stock
WTFCM,"Wintrust Financial Corporation - Fixed-to-Floating Rate Non-Cumulative Perpetual Preferred Stock, Series D"
WTFCM,"Wintrust Financial Corporation - Fixed-to-Floating Rate Non-Cumulative Perpetual Preferred Stock, Series D"
WTFCP,"Wintrust Financial Corporation - Depositary Shares, Each Representing a 1/1,000th Interest in a Share of 6.875% Fixed-Rate Reset Non-Cumulative Perpetual Preferred Stock, Series E"
WVVI,"Willamette Valley Vineyards, Inc. - Common Stock"
WVVIP,"Willamette Valley Vineyards, Inc. - Series A Redeemable Preferred Stock"
XBP,"XBP Europe Holdings, Inc. - Common Stock"
XBPEW,"XBP Europe Holdings, Inc. - Warrant"
XEL,Xcel Energy Inc. - Common Stock
XELB,"Xcel Brands, Inc - Common Stock"
XOMA,XOMA Royalty Corporation - Common Stock
XOMAO,XOMA Royalty Corporation - Depositary Shares Rep Series B 8.375% Cumulative Preferred Stock
XOMAO,XOMA Royalty Corporation - Depositary Shares Rep Series B 8.375% Cumulative Preferred Stock
XOMAP,XOMA Royalty Corporation - 8.625% Series A Cumulative Perpetual Preferred Stock
XOS,"Xos, Inc. - Common Stock"
XOSWW,"Xos, Inc. - Warrants"
YHNA,YHN Acquisition I Limited - Ordinary Shares
YHNAR,YHN Acquisition I Limited - Right
YHNAR,YHN Acquisition I Limited - Right
YHNAU,YHN Acquisition I Limited - Unit
YOTA,Yotta Acquisition Corporation - Common Stock
YOTAR,Yotta Acquisition Corporation - Right
YOTAR,Yotta Acquisition Corporation - Right
YOTAU,Yotta Acquisition Corporation - Unit
YOTAU,Yotta Acquisition Corporation - Unit
YOTAW,Yotta Acquisition Corporation - Warrant
ZAPP,Zapp Electric Vehicles Group Limited - Ordinary shares
ZAPPW,Zapp Electric Vehicles Group Limited - Warrant
ZCAR,"Zoomcar Holdings, Inc. - Common Stock"
ZCARW,"Zoomcar Holdings, Inc. - Warrants"
ZEO,Zeo Energy Corporation - Class A Common Stock
ZEOWW,Zeo Energy Corporation - Warrants
ZION,Zions Bancorporation N.A. - Common Stock
ZIONP,Zions Bancorporation N.A. - Depositary Shares each representing a 1/40th ownership interest in a share of Series A Floating-Rate Non-Cumulative Perpetual Preferred Stock
ZOOZ,ZOOZ Power Ltd. - Ordinary Shares
ZOOZW,ZOOZ Power Ltd. - Warrant
ZTEN,F/m 10-Year Investment Grade Corporate Bond ETF
ZTRE,F/m 3-Year Investment Grade Corporate Bond ETF
ZTRE,F/m 3-Year Investment Grade Corporate Bond ETF
ZTWO,F/m 2-Year Investment Grade Corporate Bond ETF
ZVZZT,NASDAQ TEST STOCK
ZWZZT,NASDAQ TEST STOCK
File Creation Time: 0116202521:31,nan
,nan
