ACT Symbol,Company Name
AACT,Ares Acquisition Corporation II Class A Ordinary Shares
AACT.U,"Ares Acquisition Corporation II Units, each consisting of one Class A ordinary share and one"
AACT.U,"Ares Acquisition Corporation II Units, each consisting of one Class A ordinary share and one"
AACT.W,"Ares Acquisition Corporation II Redeemable Warrants, each whole warrant exercisable for one Class A ordinary share at an exercise price of $11.50"
AAM,AA Mission Acquisition Corp. Class A Ordinary Shares
AAM.U,"AA Mission Acquisition Corp. Units, each consisting of one Class A Ordinary Share and one"
AAM.U,"AA Mission Acquisition Corp. Units, each consisting of one Class A Ordinary Share and one"
AAM.W,"AA Mission Acquisition Corp. Warrants, each whole warrant entitles the holder to purchase one Class A ordinary share at a price of $11.50 per share"
ABR,Arbor Realty Trust Common Stock
ABR$D,"Arbor Realty Trust 6.375% Series D Cumulative Redeemable Preferred Stock, Liquidation Preference $25.00 per Share"
ABR$D,"Arbor Realty Trust 6.375% Series D Cumulative Redeemable Preferred Stock, Liquidation Preference $25.00 per Share"
ABR$E,Arbor Realty Trust 6.25% Series E Cumulative Redeemable Preferred Stock
ABR$E,Arbor Realty Trust 6.25% Series E Cumulative Redeemable Preferred Stock
ABR$F,Arbor Realty Trust 6.25% Series F Fixed
ACHR,Archer Aviation Inc. Class A Common Stock
ACHR.W,"Archer Aviation Inc. Redeemable Warrants, each whole warrant exercisable for one Class A common stock at an exercise price of $11.50"
ACP,abrdn Income Credit Strategies Fund Common Shares
ACP$A,abrdn Income Credit Strategies Fund 5.250% Series A Perpetual Preferred Stock
ACR,ACRES Commercial Realty Corp. Common Stock
ACR$C,ACRES Commercial Realty Corp. 8.625% Fixed
ACR$C,ACRES Commercial Realty Corp. 8.625% Fixed
ACR$D,ACRES Commercial Realty Corp. 7.875% Series D Cumulative Redeemable Preferred Stock
ADC,Agree Realty Corporation Common Stock
ADC$A,"Agree Realty Corporation Depositary Shares, each representing 1/1,000th of a 4.250% Series A Cumulative Redeemable Preferred Stock"
AEFC,Aegon Funding Company LLC 5.10% Subordinated Notes due 2049
AEG,Aegon Ltd. New York Registry Shares
AEVA,"Aeva Technologies, Inc. Common Stock"
AEVA.W,"Aeva Technologies, Inc. Redeemable Warrants, each whole warrant exercisable for shares of common stock at an exercise price of $11.50 per share"
AFG,"American Financial Group, Inc. Common Stock"
AFGB,"American Financial Group, Inc. 5.875% Subordinated Debentures due 2059"
AFGB,"American Financial Group, Inc. 5.875% Subordinated Debentures due 2059"
AFGC,"American Financial Group, Inc. 5.125% Subordinated Debentures due 2059"
AFGC,"American Financial Group, Inc. 5.125% Subordinated Debentures due 2059"
AFGD,"American Financial Group, Inc. 5.625% Subordinated Debentures due 2060"
AFGD,"American Financial Group, Inc. 5.625% Subordinated Debentures due 2060"
AFGE,"American Financial Group, Inc. 4.500% Subordinated Debentures due 2060"
AGM,Federal Agricultural Mortgage Corporation Common Stock
AGM$D,Federal Agricultural Mortgage Corporation 5.700% Non
AGM$D,Federal Agricultural Mortgage Corporation 5.700% Non
AGM$E,Federal Agricultural Mortgage Corporation 5.750% Non
AGM$E,Federal Agricultural Mortgage Corporation 5.750% Non
AGM$F,Federal Agricultural Mortgage Corporation 5.250% Non
AGM$F,Federal Agricultural Mortgage Corporation 5.250% Non
AGM$G,Federal Agricultural Mortgage Corporation 4.875% Non
AGM$G,Federal Agricultural Mortgage Corporation 4.875% Non
AGM.A,Federal Agricultural Mortgage Corporation Common Stock
AHH,"Armada Hoffler Properties, Inc. Common Stock"
AHH$A,"Armada Hoffler Properties, Inc. 6.75% Series A Cumulative Redeemable Perpetual Preferred Stock"
AHL$D,Aspen Insurance Holdings Limited 5.625% Perpetual Non
AHL$E,"Aspen Insurance Holdings Limited Depositary Shares, each representing a 1/1000th interest in a share of 5.625% Perpetual Non"
AHL$E,"Aspen Insurance Holdings Limited Depositary Shares, each representing a 1/1000th interest in a share of 5.625% Perpetual Non"
AHL$F,"Aspen Insurance Holdings Limited Depositary Shares, each representing a 1/1,000th Interest in a 7.00% Perpetual Non"
AHT,Ashford Hospitality Trust Inc Common Stock
AHT$D,Ashford Hospitality Trust Inc 8.45% Series D Cumulative Preferred Stock
AHT$D,Ashford Hospitality Trust Inc 8.45% Series D Cumulative Preferred Stock
AHT$F,Ashford Hospitality Trust Inc 7.375% Series F Cumulative Preferred Stock
AHT$F,Ashford Hospitality Trust Inc 7.375% Series F Cumulative Preferred Stock
AHT$G,Ashford Hospitality Trust Inc 7.375% Series G Cumulative Preferred Stock
AHT$G,Ashford Hospitality Trust Inc 7.375% Series G Cumulative Preferred Stock
AHT$H,Ashford Hospitality Trust Inc 7.50% Series H Cumulative Preferred Stock
AHT$H,Ashford Hospitality Trust Inc 7.50% Series H Cumulative Preferred Stock
AHT$I,Ashford Hospitality Trust Inc 7.50% Series I Cumulative Preferred Stock
AIZ,"Assurant, Inc. Common Stock"
AIZN,"Assurant, Inc. 5.25% Subordinated Notes due 2061"
AKO.A,Embotelladora Andina S.A. Common Stock
AKO.B,Embotelladora Andina S.A. Common Stock
ALB,Albemarle Corporation Common Stock
ALB$A,Albemarle Corporation Depositary Shares each representing a 1/20th of 7.25% Series A Mandatory Convertible Preferred Stock
ALL,Allstate Corporation (The) Common Stock
ALL$B,Allstate Corporation (The) 5.100% Fixed
ALL$B,Allstate Corporation (The) 5.100% Fixed
ALL$H,"Allstate Corporation (The) Depositary Shares each representing a 1/1,000th interest in a share of Fixed Rate Noncumulative Perpetual Preferred Stock, Series H"
ALL$H,"Allstate Corporation (The) Depositary Shares each representing a 1/1,000th interest in a share of Fixed Rate Noncumulative Perpetual Preferred Stock, Series H"
ALL$I,"Allstate Corporation (The) Depositary Shares each representing a 1/1,000th interest in a share of Fixed Rate Noncumulative Perpetual Preferred Stock, Series I"
ALL$I,"Allstate Corporation (The) Depositary Shares each representing a 1/1,000th interest in a share of Fixed Rate Noncumulative Perpetual Preferred Stock, Series I"
ALL$J,"Allstate Corporation (The) Depositary Shares each representing a 1/1,000th interest in a share of Fixed Rate Noncumulative Perpetual Preferred Stock, Series J"
ALTG,Alta Equipment Group Inc. Class A Common Stock
ALTG$A,Alta Equipment Group Inc. Depositary Shares (each representing 1/1000th in a share of 10% Series A Cumulative Perpetual Preferred Stock)
ALUR,"Allurion Technologies, Inc. Common Stock"
ALUR.W,"Allurion Technologies, Inc. Warrants, each whole warrant exercisable to purchase 1.420455 shares of common stock at an exercise price of $8.10 per share of common stock"
AMBP,Ardagh Metal Packaging S.A. Ordinary Shares
AMBP.W,"Ardagh Metal Packaging S.A. Warrants, each exercisable for one Share at an exercise price of $11.50 per share"
AMH,American Homes 4 Rent Common Shares of Beneficial Interest
AMH$G,American Homes 4 Rent Series G cumulative redeemable perpetual preferred shares of beneficial interest
AMH$G,American Homes 4 Rent Series G cumulative redeemable perpetual preferred shares of beneficial interest
AMH$H,American Homes 4 Rent Series H cumulative redeemable perpetual Preferred Shares of Beneficial Interest
AMPX,"Amprius Technologies, Inc. Common Stock"
AMPX.W,"Amprius Technologies, Inc. Warrants to purchase one share of Common Stock at an exercise price of $11.50 per share"
ANG$A,"American National Group Inc. Depositary Shares, each representing a 1/1,000th interest in a share of  5.95% Fixed"
ANG$B,"American National Group Inc. Depositary Shares, each representing a 1/1,000th interest in a share of 6.625% Fixed"
ANG$B,"American National Group Inc. Depositary Shares, each representing a 1/1,000th interest in a share of 6.625% Fixed"
ANG$D,"American National Group Inc. Depositary Shares, each representing a 1/1000th interest in a share of 7.375% Fixed"
AOMN,"Angel Oak Mortgage REIT, Inc. 9.500% Senior Notes due 2029"
AOMR,"Angel Oak Mortgage REIT, Inc. Common Stock"
APO,"Apollo Global Management, Inc. (New) Common Stock"
APO$A,"Apollo Global Management, Inc. 6.75% Series A Mandatory Convertible Preferred Stock"
APO$A,"Apollo Global Management, Inc. 6.75% Series A Mandatory Convertible Preferred Stock"
APOS,"Apollo Global Management, Inc. 7.625% Fixed"
AQN,Algonquin Power & Utilities Corp. Common Shares
AQNB,Algonquin Power & Utilities Corp. 6.20% Fixed
ARES,Ares Management Corporation Class A Common Stock
ARES$B,Ares Management Corporation 6.75% Series B Mandatory Convertible Preferred Stock
ARGD,"Argo Group International Holdings, Ltd. 6.5% Senior Notes Due 2042"
ARGO$A,"Argo Group International Holdings, Inc. Depositary Shares, Each Representing a 1/1,000th Interest in a 7.00% Resettable Fixed Rate Preference Share, Series A"
ARR,"ARMOUR Residential REIT, Inc."
ARR$C,"ARMOUR Residential REIT, Inc. 7% Series C Cumulative Redeemable Preferred Stock (liquidation preference $25.00 per share)"
ASB,Associated Banc
ASB$E,Associated Banc
ASB$E,Associated Banc
ASB$F,Associated Banc
ASB$F,Associated Banc
ASBA,Associated Banc
ATCO$D,Atlas Corp. 7.95% Series D
ATCO$H,Atlas Corp. 7.875% Series H
ATH$A,"Athene Holding Ltd. Depositary Shares, Each Representing a 1/1,000th Interest in a 6.35% Fixed"
ATH$B,"Athene Holding Ltd. Depositary Shares, Each Representing a 1/1,000th Interest in a 5.625% Fixed Rate Perpetual Non"
ATH$B,"Athene Holding Ltd. Depositary Shares, Each Representing a 1/1,000th Interest in a 5.625% Fixed Rate Perpetual Non"
ATH$C,"Athene Holding Ltd. Depositary Shares, each representing a 1/1,000th Interest in a Share of 6.375% Fixed"
ATH$C,"Athene Holding Ltd. Depositary Shares, each representing a 1/1,000th Interest in a Share of 6.375% Fixed"
ATH$D,"Athene Holding Ltd. Depositary Shares, Each Representing a 1/1,000th Interest in a 4.875% Fixed"
ATH$D,"Athene Holding Ltd. Depositary Shares, Each Representing a 1/1,000th Interest in a 4.875% Fixed"
ATH$E,"Athene Holding Ltd. Depositary Shares, Each Representing a 1/1,000th Interest in a 7.750% Fixed"
AUB,Atlantic Union Bankshares Corporation Common Stock
AUB$A,Atlantic Union Bankshares Corporation Depositary Shares each representing a 1/400th ownership interest in a share of 6.875% Perpetual Non
AXL,"American Axle & Manufacturing Holdings, Inc. Common Stock"
AXP,American Express Company Common Stock
AXS,Axis Capital Holdings Limited Common Stock
AXS$E,"Axis Capital Holdings Limited Depositary Shares, each representing 1/100th interest in a share of a 5.50% Series E Preferred Shares"
BA,Boeing Company (The) Common Stock
BA$A,"Boeing Company (The) Depositary Shares, each representing a 1/20th interest in a share of 6.00% Series A Mandatory Convertible Preferred Stock, par value $1.00"
BAC,Bank of America Corporation Common Stock
BAC$B,"Bank of America Corporation Depositary Shares, each representing a 1/1,000th interest in a share of 6.000% Non"
BAC$B,"Bank of America Corporation Depositary Shares, each representing a 1/1,000th interest in a share of 6.000% Non"
BAC$E,Bank of America Corporation Depositary Sh repstg 1/1000th Perp Pfd Ser E
BAC$E,Bank of America Corporation Depositary Sh repstg 1/1000th Perp Pfd Ser E
BAC$K,"Bank of America Corporation Depositary Shares, each representing a 1/1,000th interest in a share of 5.875% Non"
BAC$K,"Bank of America Corporation Depositary Shares, each representing a 1/1,000th interest in a share of 5.875% Non"
BAC$L,Bank of America Corporation Non Cumulative Perpetual Conv Pfd Ser L
BAC$L,Bank of America Corporation Non Cumulative Perpetual Conv Pfd Ser L
BAC$M,"Bank of America Corporation Depositary Shares, each representing a 1/1,000th interest in a share of 5.375% Non"
BAC$M,"Bank of America Corporation Depositary Shares, each representing a 1/1,000th interest in a share of 5.375% Non"
BAC$N,"Bank of America Corporation Depositary shares, each representing 1/1,000th interest in a share of 5.000% Non"
BAC$N,"Bank of America Corporation Depositary shares, each representing 1/1,000th interest in a share of 5.000% Non"
BAC$O,"Bank of America Corporation Depositary shares, each representing 1/1,000th interest in a share of 4.375% Non"
BAC$O,"Bank of America Corporation Depositary shares, each representing 1/1,000th interest in a share of 4.375% Non"
BAC$P,"Bank of America Corporation Depositary Shares, each representing a 1/1,000th interest in a share of 4.125% Non"
BAC$P,"Bank of America Corporation Depositary Shares, each representing a 1/1,000th interest in a share of 4.125% Non"
BAC$Q,"Bank of America Corporation Depositary shares, each representing 1/1,000th interest in a share of 4.250% Non"
BAC$Q,"Bank of America Corporation Depositary shares, each representing 1/1,000th interest in a share of 4.250% Non"
BAC$S,"Bank of America Corporation Depositary shares, each representing 1/1,000th interest in a share of 4.750% Non"
BALY,Bally's Corporation Common Stock
BALY.T,Bally's Corporation Common Stock (Rolling Shares)
BANC,"Banc of California, Inc. Common Stock"
BANC$F,"Banc of California, Inc. Depositary Shares, each representing a 1/40th interest in a share of 7.75% non"
BARK,"BARK, Inc. Class A Common Stock"
BARK.W,"BARK, Inc. Redeemable Warrants, each whole warrant exercisable for shares of Common Stock at an exercise price of $11.50 per share"
BBAI,"BigBear.ai, Inc. Common Stock"
BBAI.W,"BigBear.ai, Inc. Redeemable Warrants, each exercisable for one share of Common Stock at an exercise price of $11.50 per share"
BBAR,Banco BBVA Argentina S.A. ADS
BBD,Banco Bradesco Sa American Depositary Shares
BBU,Brookfield Business Partners L.P. Limited Partnership Units 
BBUC,Brookfield Business Corporation Class A Exchangeable Subordinate Voting Shares
BC,Brunswick Corporation Common Stock
BC$A,Brunswick Corporation 6.500% Senior Notes due 2048
BC$A,Brunswick Corporation 6.500% Senior Notes due 2048
BC$B,Brunswick Corporation 6.625% Senior Notes due 2049
BC$B,Brunswick Corporation 6.625% Senior Notes due 2049
BC$C,Brunswick Corporation 6.375% Notes due 2049
BEP,Brookfield Renewable Partners L.P. Limited Partnership Units
BEP$A,"Brookfield Renewable Partners L.P. 5.25% Class A Preferred Limited Partnership Units, Series 17"
BEP$A,"Brookfield Renewable Partners L.P. 5.25% Class A Preferred Limited Partnership Units, Series 17"
BEPC,Brookfield Renewable Corporation Brookfield Renewable Corporation Class A Subordinate Voting Shares
BEPC,Brookfield Renewable Corporation Brookfield Renewable Corporation Class A Subordinate Voting Shares
BEPH,Brookfield BRP Holdings (Canada) Inc. 4.625% Perpetual Subordinated Notes
BEPH,Brookfield BRP Holdings (Canada) Inc. 4.625% Perpetual Subordinated Notes
BEPI,Brookfield BRP Holdings (Canada) Inc. 4.875% Perpetual Subordinated Notes
BEPI,Brookfield BRP Holdings (Canada) Inc. 4.875% Perpetual Subordinated Notes
BEPJ,Brookfield BRP Holdings (Canada) Inc. 7.250% Perpetual Subordinated Notes
BF.A,Brown Forman Inc Class A Common Stock
BF.B,Brown Forman Inc Class B Common Stock
BFLY,"Butterfly Network, Inc. Class A Common Stock"
BFLY.W,"Butterfly Network, Inc. Warrants"
BFS,"Saul Centers, Inc. Common Stock"
BFS$D,"Saul Centers, Inc. Depositary Shares, each representing 1/100th of a share of 6.125% Series D Cumulative Redeemable Preferred Stock"
BFS$D,"Saul Centers, Inc. Depositary Shares, each representing 1/100th of a share of 6.125% Series D Cumulative Redeemable Preferred Stock"
BFS$E,"Saul Centers, Inc. Depositary shares, each representing a 1/100th fractional interest in a share of 6.000% Series E Cumulative Redeemable Preferred Stock"
BH,Biglari Holdings Inc. Class B Common Stock
BH.A,Biglari Holdings Inc. Class A Common Stock
BHR,Braemar Hotels & Resorts Inc. Common Stock
BHR$B,"Braemar Hotels & Resorts Inc. 5.50% Series B Cumulative Convertible Preferred Stock, par value $0.01 per share"
BHR$B,"Braemar Hotels & Resorts Inc. 5.50% Series B Cumulative Convertible Preferred Stock, par value $0.01 per share"
BHR$D,"Braemar Hotels & Resorts Inc. 8.25% Series D Cumulative Preferred Stock,  par value $0.01 per share"
BIO,Bio
BIO.B,Bio
BIP,Brookfield Infrastructure Partners LP Limited Partnership Units
BIP$A,"Brookfield Infrastructure Partners LP 5.125% Class A Preferred Limited Partnership Units, Series 13"
BIP$A,"Brookfield Infrastructure Partners LP 5.125% Class A Preferred Limited Partnership Units, Series 13"
BIP$B,"Brookfield Infrastructure Partners LP 5.000% Class A Preferred Limited Partnership Units, Series 14"
BIP$B,"Brookfield Infrastructure Partners LP 5.000% Class A Preferred Limited Partnership Units, Series 14"
BIPC,Brookfield Infrastructure Corporation Brookfield Infrastructure Corporation
BIPC,Brookfield Infrastructure Corporation Brookfield Infrastructure Corporation
BIPH,Brookfield Infrastructure Corporation 5.000% Subordinated Notes due 2081
BKD,Brookdale Senior Living Inc. Common Stock
BKDT,Brookdale Senior Living Inc. 7.00% Tangible Equity Units
BKKT,"Bakkt Holdings, Inc. Class A Common Stock"
BKKT.W,"Bakkt Holdings, Inc. Warrant"
BKSY,BlackSky Technology Inc. Class A Common Stock
BKSY.W,"BlackSky Technology Inc. Redeemable Warrants, each whole Warrant exercisable for one share of Class A Common Stock"
BLX,"Banco Latinoamericano de Comercio Exterior, S.A."
BMA,Banco Macro S.A.  ADR (representing Ten Class B Common Shares)
BML$G,Bank of America Corporation Depositary Shares (Each representing a 1/1200th interest in a share of Floating Rate Non
BML$H,Bank of America Corporation Depositary Shares (Each representing a 1/1200th interest in a Share of Floating Rate Non
BML$H,Bank of America Corporation Depositary Shares (Each representing a 1/1200th interest in a Share of Floating Rate Non
BML$J,Bank of America Corporation Depositary Shares (Each representing a 1/1200th interest in a Share of Floating Rate Non
BML$J,Bank of America Corporation Depositary Shares (Each representing a 1/1200th interest in a Share of Floating Rate Non
BML$L,Bank of America Corporation Depositary Shares (Each representing a 1/1200th Interest in a Share of Floating Rate Non
BNH,"Brookfield Finance Inc. 4.625% Subordinated Notes due October 16, 2080"
BNJ,Brookfield Finance Inc. 4.50% Perpetual Subordinated Notes
BOH,Bank of Hawaii Corporation Common Stock
BOH$A,Bank of Hawaii Corporation Depositary Shares Each Representing a 1/40th Interest in a Share of 4.375% Fixed Rate Non
BOH$A,Bank of Hawaii Corporation Depositary Shares Each Representing a 1/40th Interest in a Share of 4.375% Fixed Rate Non
BOH$B,"Bank of Hawaii Corporation Depositary Shares, Each Representing a 1/40th Interest in a Share of 8.000% Fixed Rate Non"
BP,BP p.l.c. Common Stock
BPT,BP Prudhoe Bay Royalty Trust Common Stock
BRK.A,Berkshire Hathaway Inc. Common Stock
BRK.B,Berkshire Hathaway Inc. New Common Stock
BSAC,Banco Santander 
BSBR,"Banco Santander Brasil SA American Depositary Shares, each representing one unit"
BST,BlackRock Science and Technology Trust Common Shares of Beneficial Interest
BSTZ,BlackRock Science and Technology Term Trust Common Shares of Beneficial Interest
BW,"Babcock & Wilcox Enterprises, Inc. Common Stock"
BW$A,"Babcock & Wilcox Enterprises, Inc. 7.75% Series A Cumulative Perpetual Preferred Stock"
BWNB,"Babcock & Wilcox Enterprises, Inc. 6.50% Senior Notes due 2026"
BWSN,"Babcock & Wilcox Enterprises, Inc. 8.125% Senior Notes due 2026"
CADE,Cadence Bank Common Stock
CADE$A,Cadence Bank 5.50% Series A 
CCIA,Carlyle Credit Income Fund 8.75% Series A Preferred Shares due 2028
CCIF,Carlyle Credit Income Fund Shares of Beneficial Interest
CDR$B,"Cedar Realty Trust, Inc. 7.25% Series B Cumulative Redeemable Preferred Stock"
CDR$C,"Cedar Realty Trust, Inc. 6.50% Series C Cumulative Redeemable Preferred Stock"
CFG,"Citizens Financial Group, Inc. Common Stock"
CFG$E,"Citizens Financial Group, Inc. Depositary Shares Each Representing 1/40th Interest in a Share of 5.000% Fixed"
CFG$E,"Citizens Financial Group, Inc. Depositary Shares Each Representing 1/40th Interest in a Share of 5.000% Fixed"
CFG$H,"Citizens Financial Group, Inc. Depositary Shares Each Representing a 1/40th Interest in a Share of 7.375% Fixed"
CFR,"Cullen/Frost Bankers, Inc. Common Stock"
CFR$B,"Cullen/Frost Bankers, Inc. Depositary Shares, each representing a 1/40th ownership interest in a share of 4.450% non"
CHMI,Cherry Hill Mortgage Investment Corporation Common Stock
CHMI$A,Cherry Hill Mortgage Investment Corporation 8.20% Series A Cumulative Redeemable Preferred Stock
CHMI$A,Cherry Hill Mortgage Investment Corporation 8.20% Series A Cumulative Redeemable Preferred Stock
CHMI$B,Cherry Hill Mortgage Investment Corporation 8.250% Series B Fixed
CIG,Comp En De Mn Cemig ADS American Depositary Shares
CIG.C,Comp En De Mn Cemig ADS American Depositary Receipts
CIM,Chimera Investment Corporation Common Stock
CIM$A,Chimera Investment Corporation 8.00% Series A Cumulative Redeemable Preferred Stock
CIM$A,Chimera Investment Corporation 8.00% Series A Cumulative Redeemable Preferred Stock
CIM$B,Chimera Investment Corporation 8.00% Series B Fixed
CIM$B,Chimera Investment Corporation 8.00% Series B Fixed
CIM$C,Chimera Investment Corporation 7.75% Series C Fixed
CIM$C,Chimera Investment Corporation 7.75% Series C Fixed
CIM$D,Chimera Investment Corporation 8.00% Series D Fixed
CIM$D,Chimera Investment Corporation 8.00% Series D Fixed
CIMN,Chimera Investment Corporation 9.000% Senior Notes due 2029
CIMN,Chimera Investment Corporation 9.000% Senior Notes due 2029
CIMO,Chimera Investment Corporation 9.250% Senior Notes due 2029
CIO,"City Office REIT, Inc. Common Stock"
CIO$A,"City Office REIT, Inc. 6.625% Series A Cumulative Redeemable Preferred Stock"
CLBR,Colombier Acquisition Corp. II Class A Ordinary Shares
CLBR.U,"Colombier Acquisition Corp. II Units, each consisting of one Class A ordinary share and one"
CLBR.U,"Colombier Acquisition Corp. II Units, each consisting of one Class A ordinary share and one"
CLBR.W,"Colombier Acquisition Corp. II Warrants, each whole warrant exercisable for one Class A Ordinary Share at an exercise price of $11.50 per share"
CLDT,Chatham Lodging Trust (REIT) Common Shares of Beneficial Interest
CLDT$A,Chatham Lodging Trust (REIT) 6.625% Series A Cumulative Redeemable Preferred Shares of Beneficial Interest
CMRE,Costamare Inc. Common Stock $0.0001 par value
CMRE$B,Costamare Inc. Perpetual Preferred Stock Series B (Marshall Islands)
CMRE$B,Costamare Inc. Perpetual Preferred Stock Series B (Marshall Islands)
CMRE$C,Costamare Inc. Perpetual Preferred Series C (Marshall Islands)
CMRE$C,Costamare Inc. Perpetual Preferred Series C (Marshall Islands)
CMRE$D,Costamare Inc. 8.75% Series D Cumulative Redeemable Perpetual Preferred Stock
CMS,CMS Energy Corporation Common Stock
CMS$B,CMS Energy Corporation Preferred Stock
CMS$B,CMS Energy Corporation Preferred Stock
CMS$C,"CMS Energy Corporation Depositary Shares, each representing a 1/1,000th interest in a share of 4.200% Cumulative Redeemable Perpetual Preferred Stock, Series C"
CMS$C,"CMS Energy Corporation Depositary Shares, each representing a 1/1,000th interest in a share of 4.200% Cumulative Redeemable Perpetual Preferred Stock, Series C"
CMSA,CMS Energy Corporation 5.625% Junior Subordinated Notes due 2078
CMSA,CMS Energy Corporation 5.625% Junior Subordinated Notes due 2078
CMSC,CMS Energy Corporation 5.875% Junior Subordinated Notes due 2078
CMSC,CMS Energy Corporation 5.875% Junior Subordinated Notes due 2078
CMSD,CMS Energy Corporation 5.875% Junior Subordinated Notes due 2079
CNO,"CNO Financial Group, Inc. Common Stock"
CNO$A,"CNO Financial Group, Inc. 5.125% Subordinated Debentures due 2060"
CODI$A,Compass Diversified Holdings 7.250% Series A Preferred Shares representing beneficial interest in Compass Diversified Holdings
CODI$B,Compass Diversified Holdings 7.875% Series B Fixed
CODI$B,Compass Diversified Holdings 7.875% Series B Fixed
CODI$C,Compass Diversified Holdings 7.875% Series C Cumulative Preferred Shares
COF,Capital One Financial Corporation Common Stock
COF$I,Capital One Financial Corporation Depositary shares each representing a 1/40th interest in a share of Fixed Rate Non
COF$I,Capital One Financial Corporation Depositary shares each representing a 1/40th interest in a share of Fixed Rate Non
COF$J,"Capital One Financial Corporation Depositary Shares, Each Representing a 1/40th Interest in a Share of Fixed Rate Non"
COF$J,"Capital One Financial Corporation Depositary Shares, Each Representing a 1/40th Interest in a Share of Fixed Rate Non"
COF$K,"Capital One Financial Corporation Depositary Shares, Each Representing a 1/40th Ownership Interest in a Share of Fixed Rate Non"
COF$K,"Capital One Financial Corporation Depositary Shares, Each Representing a 1/40th Ownership Interest in a Share of Fixed Rate Non"
COF$L,"Capital One Financial Corporation Depositary Shares, Each Representing a 1/40th Interest in a Share of Fixed Rate Non"
COF$L,"Capital One Financial Corporation Depositary Shares, Each Representing a 1/40th Interest in a Share of Fixed Rate Non"
COF$N,"Capital One Financial Corporation Depositary Shares, Each Representing a 1/40th Ownership Interest in a Share of Fixed Rate Non"
CRBD,Corebridge Financial Inc. 6.375% Junior Subordinated Notes due 2064
CRBG,Corebridge Financial Inc. Common Stock
CRD.A,Crawford & Company Common Stock
CRD.B,Crawford & Company Common Stock
CTA$A,"EIDP, Inc. Preferred Stock $3.50 Series"
CTA$B,"EIDP, Inc. Preferred Stock $4.50 Series"
CTBB,Qwest Corporation 6.5% Notes due 2056
CTDD,Qwest Corporation 6.75% Notes due 2057
CTO,"CTO Realty Growth, Inc. Common Stock"
CTO$A,"CTO Realty Growth, Inc. 6.375% Series A Cumulative Redeemable Preferred Stock"
CTV,Innovid Corp. Common Stock
CTV.W,"Innovid Corp. Warrants, each whole warrant exercisable for one share of Common Stock at an exercise price of $11.50 per share"
CUBI,"Customers Bancorp, Inc Common Stock"
CUBI$E,"Customers Bancorp, Inc Fixed"
CUBI$E,"Customers Bancorp, Inc Fixed"
CUBI$F,"Customers Bancorp, Inc Fixed"
CVE,Cenovus Energy Inc Common Stock
CVE.W,Cenovus Energy Inc Warrants (each warrant entitles the holder to purchase one common share at an exercise price of C$6.54 per share)
CWEN,"Clearway Energy, Inc. Class C Common Stock"
CWEN.A,"Clearway Energy, Inc. Class A Common Stock"
CXE,MFS High Income Municipal Trust Common Stock
CXH,MFS Investment Grade Municipal Trust Common Stock
DBRG,"DigitalBridge Group, Inc."
DBRG$H,"DigitalBridge Group, Inc. 7.125% Series H "
DBRG$H,"DigitalBridge Group, Inc. 7.125% Series H "
DBRG$I,"DigitalBridge Group, Inc. 7.15% Series I "
DBRG$I,"DigitalBridge Group, Inc. 7.15% Series I "
DBRG$J,"DigitalBridge Group, Inc. 7.125% Series J "
DK,"Delek US Holdings, Inc. Common Stock"
DKL,"Delek Logistics Partners, L.P. Common Units representing Limited Partner Interests"
DLNG,Dynagas LNG Partners LP Common Units
DLNG$A,Dynagas LNG Partners LP 9.00% Series A Cumulative Redeemable Preferred Units
DLNG$A,Dynagas LNG Partners LP 9.00% Series A Cumulative Redeemable Preferred Units
DLNG$B,"Dynagas LNG Partners LP 8.75% Series B Fixed to Floating Rate Cumulative Redeemable Perpetual Preferred Units, liquidation preference $25.00 per Uni"
DLR,"Digital Realty Trust, Inc. Common Stock"
DLR$J,"Digital Realty Trust, Inc. 5.250% Series J Cumulative Redeemable Preferred Stock"
DLR$J,"Digital Realty Trust, Inc. 5.250% Series J Cumulative Redeemable Preferred Stock"
DLR$K,"Digital Realty Trust, Inc. 5.850% Series K Cumulative Redeemable Preferred Stock, par value $0.01 per share"
DLR$K,"Digital Realty Trust, Inc. 5.850% Series K Cumulative Redeemable Preferred Stock, par value $0.01 per share"
DLR$L,"Digital Realty Trust, Inc. 5.200% Series L Cumulative Redeemable Preferred Stock"
DRH,Diamondrock Hospitality Company Common Stock
DRH$A,Diamondrock Hospitality Company 8.250% Series A Cumulative Redeemable Preferred Stock
DSX,Diana Shipping inc. common stock
DSX$B,Diana Shipping Inc. Perpetual Preferred Shares Series B (Marshall Islands)
DSX$B,Diana Shipping Inc. Perpetual Preferred Shares Series B (Marshall Islands)
DSX.W,Diana Shipping inc. Warrants
DUK,Duke Energy Corporation (Holding Company) Common Stock
DUK$A,"Duke Energy Corporation Depositary Shares, each representing a 1/1,000th interest in a share of 5.75% Series A Cumulative Redeemable Perpetual Preferred Stock"
DUK$A,"Duke Energy Corporation Depositary Shares, each representing a 1/1,000th interest in a share of 5.75% Series A Cumulative Redeemable Perpetual Preferred Stock"
DUKB,Duke Energy Corporation 5.625% Junior Subordinated Debentures due 2078
DX,"Dynex Capital, Inc. Common Stock"
DX$C,"Dynex Capital, Inc. 6.900% Series C Fixed"
EBR,Centrais Electricas Brasileiras S A American Depositary Shares (Each representing one Common Share)
EBR.B,Centrais Electricas Brasileiras S.A. Sponsored ADS representing Pfd Shares
ECC,Eagle Point Credit Company Inc. Common Stock
ECC$D,Eagle Point Credit Company Inc. 6.75% Series D Preferred Stock
ECC$D,Eagle Point Credit Company Inc. 6.75% Series D Preferred Stock
ECCC,Eagle Point Credit Company Inc. 6.50% Series C Term Preferred Stock due 2031
ECCC,Eagle Point Credit Company Inc. 6.50% Series C Term Preferred Stock due 2031
ECCF,Eagle Point Credit Company Inc. 8.00% Series F Term Preferred Stock due 2029
ECCF,Eagle Point Credit Company Inc. 8.00% Series F Term Preferred Stock due 2029
ECCU,Eagle Point Credit Company Inc. 7.75% Notes due 2030
ECCU,Eagle Point Credit Company Inc. 7.75% Notes due 2030
ECCV,Eagle Point Credit Company Inc. 5.375% Notes due 2029
ECCV,Eagle Point Credit Company Inc. 5.375% Notes due 2029
ECCW,Eagle Point Credit Company Inc. 6.75% Notes due 2031
ECCW,Eagle Point Credit Company Inc. 6.75% Notes due 2031
ECCX,Eagle Point Credit Company Inc. 6.6875% Notes due 2028
EFC,Ellington Financial Inc. Common Stock 
EFC$A,Ellington Financial Inc. 6.750% Series A Fixed
EFC$A,Ellington Financial Inc. 6.750% Series A Fixed
EFC$B,Ellington Financial Inc. 6.250% Series B Fixed
EFC$B,Ellington Financial Inc. 6.250% Series B Fixed
EFC$C,Ellington Financial Inc. 8.625% Series C Fixed
EFC$C,Ellington Financial Inc. 8.625% Series C Fixed
EFC$D,Ellington Financial Inc. 7.00% Series D Cumulative Perpetual Redeemable Preferred Stock
EFR,Eaton Vance Senior Floating
EFT,Eaton Vance Floating Rate Income Trust Common Shares of Beneficial Interest
EIC,Eagle Point Income Company Inc. Common Stock
EICA,Eagle Point Income Company Inc. 5.00% Series A Term Preferred Stock due 2026
EICA,Eagle Point Income Company Inc. 5.00% Series A Term Preferred Stock due 2026
EICB,Eagle Point Income Company Inc. 7.75% Series B Term Preferred Stock Due 2028
EICB,Eagle Point Income Company Inc. 7.75% Series B Term Preferred Stock Due 2028
EICC,Eagle Point Income Company Inc. 8.00% Series C Term Preferred Stock due 2029
ELP,Companhia Paranaense de Energia (COPEL) American Depositary Shares (each representing one Unit consisting one Common Share and four non
ELPC,Companhia Paranaense de Energia (COPEL) American Depositary Shares (each representing four (4) Common Shares)
EOI,Eaton Vance Enhance Equity Income Fund Eaton Vance Enhanced Equity Income Fund Shares of Beneficial Interest
EOS,Eaton Vance Enhance Equity Income Fund II Common Stock
EOS,Eaton Vance Enhance Equity Income Fund II Common Stock
EOT,Eaton Vance Municipal Income Trust EATON VANCE NATIONAL MUNICIPAL OPPORTUNITIES TRUST
EPR,EPR Properties Common Stock
EPR$C,EPR Properties 5.75% Series C Cumulative Convertible Preferred Shares
EPR$C,EPR Properties 5.75% Series C Cumulative Convertible Preferred Shares
EPR$E,EPR Properties Series E Cumulative Conv Pfd Shs Ser E
EPR$E,EPR Properties Series E Cumulative Conv Pfd Shs Ser E
EPR$G,EPR Properties 5.750% Series G Cumulative Redeemable Preferred Shares
EQBK,"Equity Bancshares, Inc. Class A Common Stock"
EQC,Equity Commonwealth Common Shares of Beneficial Interest
EQH,"Equitable Holdings, Inc. Common Stock"
EQH$A,"Equitable Holdings, Inc. Depositary Shares"
EQH$A,"Equitable Holdings, Inc. Depositary Shares"
EQH$C,"Equitable Holdings, Inc. Depositary Shares, each representing a 1/1,000th interest in a share of Fixed Rate Noncumulative Perpetual Preferred Stock, Series C"
EQV,EQV Ventures Acquisition Corp. Class A Ordinary Shares
EQV.U,"EQV Ventures Acquisition Corp. Units, each consisting of one Class A ordinary share and one"
EQV.U,"EQV Ventures Acquisition Corp. Units, each consisting of one Class A ordinary share and one"
EQV.W,"EQV Ventures Acquisition Corp. Redeemable warrants, each whole warrant exercisable for one Class A ordinary share at an exercise price of $11.50 per share"
ET,Energy Transfer LP Common Units 
ET$I,Energy Transfer L.P. Series I Fixed Rate Perpetual Preferred Units
ETJ,Eaton Vance Risk
ETN,"Eaton Corporation, PLC Ordinary Shares"
ETN,"Eaton Corporation, PLC Ordinary Shares"
ETO,Eaton Vance Tax
ETV,Eaton Vance Corporation Eaton Vance Tax
ETW,Eaton Vance Corporation Eaton Vance Tax
ETWO,"E2open Parent Holdings, Inc.Class A Common Stock"
ETWO.W,"E2open Parent Holdings, Inc. Warrants"
ETX,Eaton Vance Municipal Income 2028 Term Trust Common Shares of Beneficial Interest
ETY,Eaton Vance Tax
EVEX,"Eve Holding, Inc. Common Stock"
EVEX.W,"Eve Holding, Inc. Warrants, each exercisable for one share of Common Stock at an exercise price of $11.50 per share"
EVF,Eaton Vance Senior Income Trust Common Stock
EVG,Eaton Vance Short Diversified Income Fund Eaton Vance Short Duration Diversified Income Fund Common Shares of Beneficial Interest
F,Ford Motor Company Common Stock
F$B,"Ford Motor Company 6.20% Notes due June 1, 2059"
F$B,"Ford Motor Company 6.20% Notes due June 1, 2059"
F$C,"Ford Motor Company 6% Notes due December 1, 2059"
F$C,"Ford Motor Company 6% Notes due December 1, 2059"
F$D,"Ford Motor Company 6.500% Notes due August 15, 2062"
FBMS,"First Bancshares, Inc."
FBP,First BanCorp. New Common Stock
FBRT,"Franklin BSP Realty Trust, Inc. Common Stock"
FBRT$E,"Franklin BSP Realty Trust, Inc. 7.50% Series E Cumulative Redeemable Preferred Stock"
FBRT$E,"Franklin BSP Realty Trust, Inc. 7.50% Series E Cumulative Redeemable Preferred Stock"
FC,Franklin Covey Company Common Stock
FHN,First Horizon Corporation Common Stock
FHN$B,"First Horizon Corporation Depositary Shares, each representing a 1/400th interest in a share of Non"
FHN$B,"First Horizon Corporation Depositary Shares, each representing a 1/400th interest in a share of Non"
FHN$C,"First Horizon Corporation Depositary Shares, each representing a 1/400th interest in a share of Non"
FHN$C,"First Horizon Corporation Depositary Shares, each representing a 1/400th interest in a share of Non"
FHN$E,"First Horizon Corporation Depositary Shares, each representing a 1/4,000th interest in a share of Non"
FHN$E,"First Horizon Corporation Depositary Shares, each representing a 1/4,000th interest in a share of Non"
FHN$F,"First Horizon Corporation Depositary Shares, each representing 1/4000th Interest in a Share of Non"
FLG,"Flagstar Financial, Inc. Common Stock"
FLG$A,"Flagstar Financial, Inc. Depositary shares, each representing a 1/40th interest in a share of Fixed"
FLG$A,"Flagstar Financial, Inc. Depositary shares, each representing a 1/40th interest in a share of Fixed"
FLG$U,"Flagstar Financial, Inc. Bifurcated Option Note Unit SecuritiES"
FREY,"FREYR Battery, Inc. Common Stock"
FREY.W,FREYR Battery Warrants each whole warrant exercisable to purchase one Common Stock at an exercise price of $11.50 per share
FRT,Federal Realty Investment Trust Common Stock
FRT$C,"Federal Realty Investment Trust Depositary Shares, each representing a 1/1000th interest in a 5.000% Series C Cumulative Redeemable Preferred Share"
FSCO,FS Credit Opportunities Corp. Common Stock
FSK,FS KKR Capital Corp. Common Stock
GAB,"Gabelli Equity Trust, Inc. (The) Common Stock"
GAB$G,"Gabelli Equity Trust, Inc. (The) Series G Cumulative Preferred Stock"
GAB$G,"Gabelli Equity Trust, Inc. (The) Series G Cumulative Preferred Stock"
GAB$H,"Gabelli Equity Trust, Inc. (The) Pfd Ser H"
GAB$H,"Gabelli Equity Trust, Inc. (The) Pfd Ser H"
GAB$K,"Gabelli Equity Trust, Inc. (The) 5.00% Series K Cumulative Preferred Stock"
GAM,"General American Investors, Inc. Common Stock"
GAM$B,"General American Investors Company, Inc. Cumulative Preferred Stock"
GB,Global Blue Group Holding AG Ordinary Shares
GB.W,Global Blue Group Holding AG Warrants exercisable for one Ordinary Share of Global Blue Group Holding AG at a price of $11.50 per share
GBLI,"Global Indemnity Group, LLC Class A Common Stock (DE)"
GBTG,"Global Business Travel Group, Inc. Class A Common Stock"
GCTS,"GCT Semiconductor Holding, Inc. Common Stock"
GCTS.W,"GCT Semiconductor Holding, Inc. Warrants, each whole warrant exercisable for one share of Common Stock at an exercise price of $11.50"
GDV$H,The Gabelli Dividend & Income Trust 5.375% Series H Cumulative Preferred Shares
GDV$K,The Gabelli Dividend & Income Trust 4.250% Series K Cumulative Preferred Shares
GGT,Gabelli Multi
GGT$E,Gabelli Multi
GGT$E,Gabelli Multi
GGT$G,Gabelli Multi
GGT$G,Gabelli Multi
GGZ,Gabelli Global Small and Mid Cap Value Trust (The) Common Shares of Beneficial Interest
GJH,Synthetic Fixed
GJO,Synthetic Fixed
GJO,Synthetic Fixed
GJP,Synthetic Fixed
GJP,Synthetic Fixed
GJR,Synthetic Fixed
GL,Globe Life Inc. Common Stock
GL$D,Globe Life Inc. 4.25% Junior Subordinated Debentures due 2061
GLOP$A,GasLog Partners LP 8.625% Series A Cumulative Redeemable Perpetual Fixed to Floating Rate Preference Units
GLOP$B,GasLog Partners LP 8.200% Series B Cumulative Redeemable Perpetual Fixed to Floating Rate Preference Units
GLOP$B,GasLog Partners LP 8.200% Series B Cumulative Redeemable Perpetual Fixed to Floating Rate Preference Units
GLOP$C,GasLog Partners LP 8.500% Series C Cumulative Redeemable Perpetual Fixed to Floating Rate Preference Units
GLP,Global Partners LP Common Units representing Limited Partner Interests
GLP$B,Global Partners LP 9.50% Series B Fixed Rate Cumulative Redeemable Perpetual Preferred Units representing limited partner interests
GMRE,Global Medical REIT Inc. Common Stock
GMRE$A,Global Medical REIT Inc. Series A Cumulative Redeemable Preferred Stock
GNL,"Global Net Lease, Inc. Common Stock"
GNL$A,"Global Net Lease, Inc. 7.25% Series A Cumulative Redeemable Preferred Stock, $0.01 par value per share"
GNL$A,"Global Net Lease, Inc. 7.25% Series A Cumulative Redeemable Preferred Stock, $0.01 par value per share"
GNL$B,"Global Net Lease, Inc. 6.875% Series B Cumulative Redeemable Perpetual Preferred Stock"
GNL$B,"Global Net Lease, Inc. 6.875% Series B Cumulative Redeemable Perpetual Preferred Stock"
GNL$D,"Global Net Lease, Inc. 7.50% Series D Cumulative Redeemable Perpetual Preferred Stock"
GNL$D,"Global Net Lease, Inc. 7.50% Series D Cumulative Redeemable Perpetual Preferred Stock"
GNL$E,"Global Net Lease, Inc. 7.375% Series E Cumulative Redeemable Perpetual Preferred Stock"
GNT,"GAMCO Natural Resources, Gold & Income Trust"
GNT$A,"GAMCO Natural Resources, Gold & Income Tust  5.20% Series A Cumulative Preferred Shares (Liquidation Preference $25.00 per share)"
GPMT,Granite Point Mortgage Trust Inc. Common Stock
GPMT$A,Granite Point Mortgage Trust Inc. 7.00% Series A Fixed
GRBK,"Green Brick Partners, Inc. Common Stock"
GRBK$A,"Green Brick Partners, Inc. Depositary Shares (each representing a 1/1000th fractional interest in a share of 5.75% Series A Cumulative Perpetual Preferred Stock)"
GRND,Grindr Inc. Common Stock
GRND.W,"Grindr Inc. Warrants, each exercisable for one share of Common Stock at an exercise price of $11.50 per share"
GS,"Goldman Sachs Group, Inc. (The) Common Stock"
GS$A,"Goldman Sachs Group, Inc. (The) Depositary Shares each representing 1/1000th Interest in a Share of Floating Rate Non"
GS$A,"Goldman Sachs Group, Inc. (The) Depositary Shares each representing 1/1000th Interest in a Share of Floating Rate Non"
GS$C,"Goldman Sachs Group, Inc. (The) Depositary Share repstg 1/1000th Preferred Series C"
GS$C,"Goldman Sachs Group, Inc. (The) Depositary Share repstg 1/1000th Preferred Series C"
GS$D,"Goldman Sachs Group, Inc. (The) Dep Shs repstg 1/1000 Pfd Ser D Fltg"
GS$D,"Goldman Sachs Group, Inc. (The) Dep Shs repstg 1/1000 Pfd Ser D Fltg"
GSBD,"Goldman Sachs BDC, Inc. Common Stock"
GSL,Global Ship Lease Inc New Class A Common Shares
GSL$B,"Global Ship Lease, Inc. Depository Shares Representing 1/100th Perpetual Preferred Series B% (Marshall Island)"
GTLS,"Chart Industries, Inc. Common Stock"
GTLS$B,"Chart Industries, Inc. Depositary Shares, each Representing a 1/20th Interest in a Share of 6.75% Series B Mandatory Convertible Preferred Stock"
GTN,"Gray Media, Inc. Common Stock"
GTN.A,"Gray Media, Inc. Class A Common Stock"
GUT,Gabelli Utility Trust (The) Common Stock
GUT$C,Gabelli Utility Trust (The) 5.375% Series C Cumulative Preferred Shares
GWH,"ESS Tech, Inc. Common Stock"
GWH.W,"ESS Tech, Inc. Warrant"
HEI,Heico Corporation Common Stock
HEI.A,Heico Corporation Common Stock
HES,Hess Corporation Common Stock
HESM,Hess Midstream LP Class A Representing Limited Partner Interests
HFRO,Highland Opportunities and Income Fund Common Shares of Beneficial Interest
HFRO$A,Highland Opportunities and Income Fund 5.375% Series A Cumulative Preferred Shares
HIG,"Hartford Financial Services Group, Inc. (The) Common Stock"
HIG$G,"Hartford Financial Services Group, Inc. (The) Depositary Shares each representing a 1/1,000th interest in a share of 6.000% Non"
HL,Hecla Mining Company Common Stock
HL$B,Hecla Mining Company Preferred Stock
HLLY,Holley Inc. Common Stock
HLLY.W,Holley Inc. Warrants
HPE,Hewlett Packard Enterprise Company Common Stock
HPE$C,Hewlett Packard Enterprise Company 7.625% Series C Mandatory Convertible Preferred Stock
HPF,John Hancock Pfd Income Fund II Pfd Income Fund II
HPI,John Hancock Preferred Income Fund Common Shares of Beneficial Interest
HPP,"Hudson Pacific Properties, Inc. Common Stock"
HPP$C,"Hudson Pacific Properties, Inc. 4.750% Series C Cumulative Redeemable Preferred Stock"
HQH,abrdn Healthcare Investors Shares of Beneficial Interest
HQL,abrdn Life Sciences Investors Shares of Beneficial Interest
HTFB,Horizon Technology Finance Corporation 4.875% Notes due 2026
HTFC,Horizon Technology Finance Corporation 6.25% Notes due 2027
HVT,"Haverty Furniture Companies, Inc. Common Stock"
HVT.A,"Haverty Furniture Companies, Inc. Common Stock"
HYAC,Haymaker Acquisition Corp. 4 Class A Ordinary Shares
HYAC.U,"Haymaker Acquisition Corp. 4 Units, each consisting one Class A Ordinary Share and one"
HYAC.U,"Haymaker Acquisition Corp. 4 Units, each consisting one Class A Ordinary Share and one"
HYAC.W,"Haymaker Acquisition Corp. 4 Warrants, each whole warrant exercisable for one Class A ordinary share at an exercise price of $11.50 per share"
IIPR,"Innovative Industrial Properties, Inc. Common Stock"
IIPR$A,"Innovative Industrial Properties, Inc. 9.00% Series A Cumulative Redeemable Preferred Stock"
INN,"Summit Hotel Properties, Inc. Common Stock"
INN$E,"Summit Hotel Properties, Inc. 6.250% Series E Cumulative Redeemable Preferred Stock"
INN$E,"Summit Hotel Properties, Inc. 6.250% Series E Cumulative Redeemable Preferred Stock"
INN$F,"Summit Hotel Properties, Inc. 5.875% Series F Cumulative Redeemable Preferred Stock, $0.01 par value per share"
IONQ,"IonQ, Inc. Common Stock"
IONQ.W,"IonQ, Inc. Redeemable warrants, each whole warrant exercisable for one share of Common Stock, each at an exercise price of $11.50 per share"
IRS,IRSA Inversiones Y Representaciones S.A. Global Depositary Shares (Each representing ten shares of Common Stock)
IRS.W,IRSA Inversiones Y Representaciones S.A. Warrants to purchase Common Shares
IVR,INVESCO MORTGAGE CAPITAL INC Common Stock
IVR$C,INVESCO MORTGAGE CAPITAL INC 7.5% Fixed
JFR,Nuveen Floating Rate Income Fund Common Stock
JGH,Nuveen Global High Income Fund Common Shares of Beneficial Interest
JHI,John Hancock Investors Trust Common Stock
JHS,John Hancock Income Securities Trust Common Stock
JOBY,"Joby Aviation, Inc. Common Stock"
JOBY.W,"Joby Aviation, Inc. Warrants"
JPC,Nuveen Preferred & Income Opportunities Fund
JPI,Nuveen Preferred Securities & Income Opportunities Fund Common Shares
JPM$C,"J P Morgan Chase & Co Depositary Shares, each representing a 1/400th interest in a share of 6.00% Non"
JPM$D,"J P Morgan Chase & Co Depositary Shares, each representing a 1/400th  interest in a share of 5.75% Non"
JPM$D,"J P Morgan Chase & Co Depositary Shares, each representing a 1/400th  interest in a share of 5.75% Non"
JPM$J,"J P Morgan Chase & Co Depositary Shares, each representing a 1/400th interest in a share of JPMorgan Chase & Co. 4.75% Non"
JPM$J,"J P Morgan Chase & Co Depositary Shares, each representing a 1/400th interest in a share of JPMorgan Chase & Co. 4.75% Non"
JPM$K,"J P Morgan Chase & Co Depositary Shares, each representing a 1/400th interest in a share of 4.55% Non"
JPM$K,"J P Morgan Chase & Co Depositary Shares, each representing a 1/400th interest in a share of 4.55% Non"
JPM$L,"J P Morgan Chase & Co Depositary Shares, each representing a 1/400th interest in a share of 4.625% Non"
JPM$L,"J P Morgan Chase & Co Depositary Shares, each representing a 1/400th interest in a share of 4.625% Non"
JPM$M,"J P Morgan Chase & Co Depositary Shares, each representing a 1/400th interest in a share of 4.20% Non"
JQC,Nuveen Credit Strategies Income Fund Shares of Beneficial Interest
JRI,Nuveen Real Asset Income and Growth Fund Common Shares of Beneficial Interest
JRI,Nuveen Real Asset Income and Growth Fund Common Shares of Beneficial Interest
JRS,Nuveen Real Estate Income Fund Common Shares of Beneficial Interest
JXN,Jackson Financial Inc. Class A Common Stock 
JXN$A,"Jackson Financial Inc. Depositary Shares, each representing a 1/1,000th interest in a share of Fixed"
KEY,KeyCorp Common Stock
KEY$I,KeyCorp Depositary Shares Each Representing a 1/40th Ownership Interest in a Share of Fixed
KEY$I,KeyCorp Depositary Shares Each Representing a 1/40th Ownership Interest in a Share of Fixed
KEY$J,KeyCorp Depositary Shares each representing a 1/40th ownership interest in a share of Fixed Rate Perpetual Non
KEY$J,KeyCorp Depositary Shares each representing a 1/40th ownership interest in a share of Fixed Rate Perpetual Non
KEY$K,"KeyCorp Depositary Shares, each representing a 1/40th ownership interest in a share of Fixed Rate Perpetual Non"
KEY$K,"KeyCorp Depositary Shares, each representing a 1/40th ownership interest in a share of Fixed Rate Perpetual Non"
KEY$L,KeyCorp Depositary Shares each representing a 1/40th ownership interest in a share of Fixed Rate Perpetual Non
KIM,Kimco Realty Corporation (HC) Common Stock
KIM$L,"Kimco Realty Corporation Class L Depositary Shares, each of which represents a one"
KIM$L,"Kimco Realty Corporation Class L Depositary Shares, each of which represents a one"
KIM$M,"Kimco Realty Corporation Class M Depositary Shares, each of which represents a one"
KIM$M,"Kimco Realty Corporation Class M Depositary Shares, each of which represents a one"
KIM$N,"Kimco Realty Corporation Depositary Shares, each representing 1/1,000th interest in a share of 7.25% Class N Cumulative Convertible Perpetual Preferred Stock"
KIO,KKR Income Opportunities Fund Common Shares
KKR,KKR & Co. Inc. Common Stock
KKR,KKR & Co. Inc. Common Stock
KKRS,KKR Group Finance Co. IX LLC 4.625% Subordinated Notes due 2061
KMPB,Kemper Corporation 5.875% Fixed
KMPR,Kemper Corporation
KREF,KKR Real Estate Finance Trust Inc. Common Stock
KREF$A,KKR Real Estate Finance Trust Inc. 6.50% Series A Cumulative Redeemable Preferred Stock
LAAC,Lithium Americas (Argentina) Corp. Common Shares
LAC,Lithium Americas Corp. Common Shares
LANV,Lanvin Group Holdings Limited Ordinary Shares
LANV.W,"Lanvin Group Holdings Limited Redeemable Warrants, each whole warrant exercisable for one Ordinary Share at an exercise price of $11.50"
LEN,Lennar Corporation Class A Common Stock
LEN.B,Lennar Corporation Class B
LFT,"Lument Finance Trust, Inc. Common Stock"
LFT$A,"Lument Finance Trust, Inc. 7.875% Series A Cumulative Redeemable Preferred Stock"
LGF.A,Lions Gate Entertainment Corporation Class A Voting Shares
LGF.B,Lions Gate Entertainment Corporation Class B Non
LNC,Lincoln National Corporation Common Stock
LNC$D,"Lincoln National Corporation Depositary Shares Each Representing a 1/1,000th Interest in a Share of 9.000% Non"
LVWR,"LiveWire Group, Inc. Common Stock"
LVWR.W,"LiveWire Group, Inc. Warrants, each exercisable for one share of Common Stock at an exercise price of $11.50 per share"
LXP,LXP Industrial Trust Common Stock (Maryland REIT)
LXP$C,LXP Industrial Trust 6.5% Series C Cumulative Convertible Preferred Stock
LZM,Lifezone Metals Limited Ordinary Shares
LZM.W,Lifezone Metals Limited Warrants
MAA,Mid
MAA$I,Mid
MDV,"Modiv Industrial, Inc. Class C Common Stock"
MDV$A,"Modiv Industrial, Inc. 7.375% Series A Cumulative Redeemable Perpetual Preferred Stock"
MET,"MetLife, Inc. Common Stock"
MET$A,"MetLife, Inc. Preferred Series A Floating Rate"
MET$A,"MetLife, Inc. Preferred Series A Floating Rate"
MET$E,"MetLife, Inc. Depositary Shares "
MET$E,"MetLife, Inc. Depositary Shares "
MET$F,"MetLife, Inc. Depositary Shares, each representing a 1/1,000th interest in a share of 4.75% Non"
MFA,"MFA Financial, Inc."
MFA$B,"MFA Financial, Inc. Preferred Series B"
MFA$B,"MFA Financial, Inc. Preferred Series B"
MFA$C,"MFA Financial, Inc. 6.50% Series C Fixed"
MFA$C,"MFA Financial, Inc. 6.50% Series C Fixed"
MFAN,"MFA Financial, Inc. 8.875% Senior Notes due 2029"
MFAN,"MFA Financial, Inc. 8.875% Senior Notes due 2029"
MFAO,"MFA Financial, Inc. 9.000% Senior Notes due 2029"
MFM,MFS Municipal Income Trust Common Stock
MFSB,MFS Active Exchange Traded Funds Trust MFS Active Core Plus Bond ETF
MFSB,MFS Active Exchange Traded Funds Trust MFS Active Core Plus Bond ETF
MFSG,MFS Active Exchange Traded Funds Trust MFS Active Growth ETF
MFSG,MFS Active Exchange Traded Funds Trust MFS Active Growth ETF
MFSI,MFS Active Exchange Traded Funds Trust MFS Active International ETF
MFSI,MFS Active Exchange Traded Funds Trust MFS Active International ETF
MFSM,MFS Active Exchange Traded Funds Trust MFS Active Intermediate Muni Bond ETF
MFSM,MFS Active Exchange Traded Funds Trust MFS Active Intermediate Muni Bond ETF
MFSV,MFS Active Exchange Traded Funds Trust MFS Active Value ETF
MGR,"Affiliated Managers Group, Inc. 5.875% Junior Subordinated Notes due 2059"
MGRB,"Affiliated Managers Group, Inc. 4.750% Junior Subordinated Notes due 2060"
MGRB,"Affiliated Managers Group, Inc. 4.750% Junior Subordinated Notes due 2060"
MGRD,"Affiliated Managers Group, Inc. 4.200% Junior Subordinated Notes due 2061"
MGRD,"Affiliated Managers Group, Inc. 4.200% Junior Subordinated Notes due 2061"
MGRE,"Affiliated Managers Group, Inc. 6.750% Junior Subordinated Notes due 2064"
MITN,"AG Mortgage Investment Trust, Inc. 9.500% Senior Notes due 2029"
MITP,"AG Mortgage Investment Trust, Inc. 9.500% Senior Notes due 2029"
MITP,"AG Mortgage Investment Trust, Inc. 9.500% Senior Notes due 2029"
MITT,"AG Mortgage Investment Trust, Inc. Common Stock"
MITT,"AG Mortgage Investment Trust, Inc. Common Stock"
MITT$A,"AG Mortgage Investment Trust, Inc. 8.25% Preferred Series A"
MITT$A,"AG Mortgage Investment Trust, Inc. 8.25% Preferred Series A"
MITT$B,"AG Mortgage Investment Trust, Inc. Preferred Series B"
MITT$B,"AG Mortgage Investment Trust, Inc. Preferred Series B"
MITT$C,"AG Mortgage Investment Trust, Inc. 8.00% Series C Fixed"
MKC,"McCormick & Company, Incorporated Common Stock"
MKC.V,"McCormick & Company, Incorporated Common Stock"
ML,MoneyLion Inc. Class A Common Stock
ML.W,"MoneyLion Inc. Warrants, each whole warrant exercisable for one share of Class A common stock at an exercise price of $11.50 per share"
MOG.A,Moog Inc. Class A Common Stock
MOG.B,Moog Inc. Class B Common Stock
MQT,"Blackrock MuniYield Quality Fund II, Inc. Common Stock"
MQY,"Blackrock MuniYield Quality Fund, Inc. Common Stock"
MS,Morgan Stanley Common Stock
MS$A,Morgan Stanley Dep Shs repstg 1/1000 Pfd Ser A
MS$A,Morgan Stanley Dep Shs repstg 1/1000 Pfd Ser A
MS$E,Morgan Stanley DEPOSITARY SHARES REP 1/1000TH SHARES FIXED/FLTG PREFERRED STOCK SERIES E
MS$E,Morgan Stanley DEPOSITARY SHARES REP 1/1000TH SHARES FIXED/FLTG PREFERRED STOCK SERIES E
MS$F,Morgan Stanley Dep Shs Rpstg 1/1000th Int Prd Ser F Fxd to Flag
MS$F,Morgan Stanley Dep Shs Rpstg 1/1000th Int Prd Ser F Fxd to Flag
MS$I,Morgan Stanley Depository Shares Representing 1/1000th Preferred Series 1 Fixed to Floating Non (Cum)
MS$I,Morgan Stanley Depository Shares Representing 1/1000th Preferred Series 1 Fixed to Floating Non (Cum)
MS$K,"Morgan Stanley Depositary Shares, each representing 1/1,000th of a share of Fixed"
MS$K,"Morgan Stanley Depositary Shares, each representing 1/1,000th of a share of Fixed"
MS$L,"Morgan Stanley Depositary Shares, each representing 1/1,000th of a share of 4.875% Non"
MS$L,"Morgan Stanley Depositary Shares, each representing 1/1,000th of a share of 4.875% Non"
MS$O,"Morgan Stanley Depositary Shares, each representing 1/1,000th of a share of 4.250% Non"
MS$O,"Morgan Stanley Depositary Shares, each representing 1/1,000th of a share of 4.250% Non"
MS$P,"Morgan Stanley Depositary Shares, each representing 1/1,000th of a share of 6.500% Non"
MS$P,"Morgan Stanley Depositary Shares, each representing 1/1,000th of a share of 6.500% Non"
MS$Q,"Morgan Stanley Depositary Shares, each representing 1/1,000th of a share of 6.625% Non"
MSD,"Morgan Stanley Emerging Markets Debt Fund, Inc. Common Stock"
MSDL,Morgan Stanley Direct Lending Fund Common Stock
MSGE,Madison Square Garden Entertainment Corp. Class A Common Stock
MSGS,Madison Square Garden Sports Corp. Class A Common Stock (New)
MTB,M&T Bank Corporation Common Stock
MTB$H,M&T Bank Corporation Perpetual Fixed
MTB$H,M&T Bank Corporation Perpetual Fixed
MTB$J,M&T Bank Corporation Depositary Shares each representing a 1/400th ownership interest in a share of Perpetual 7.500% Non
MUA,"Blackrock MuniAssets Fund, Inc Common Stock"
MUC,"Blackrock MuniHoldings California Quality Fund, Inc.  Common Stock"
MUC,"Blackrock MuniHoldings California Quality Fund, Inc.  Common Stock"
MUE,"Blackrock MuniHoldings Quality Fund II, Inc. Common Stock"
MUR,Murphy Oil Corporation Common Stock
MUSA,Murphy USA Inc. Common Stock
MXE,"Mexico Equity and Income Fund, Inc. (The) Common Stock"
MXF,"Mexico Fund, Inc. (The) Common Stock"
MYI,"Blackrock MuniYield Quality Fund III, Inc Common Stock"
MYN,"Blackrock MuniYield New York Quality Fund, Inc.Common Stock"
NAC,Nuveen California Quality Municipal Income Fund
NAD,Nuveen Quality Municipal Income Fund Common Stock
NAD,Nuveen Quality Municipal Income Fund Common Stock
NAN,Nuveen New York Quality Municipal Income Fund Common Stock
NAZ,Nuveen Arizona Quality Municipal Income Fund Common Stock
NBB,Nuveen Taxable Municipal Income Fund Common Shares of Beneficial Interest
NCA,Nuveen California Municipal Value Fund
NCDL,Nuveen Churchill Direct Lending Corp. Common Stock
NCV,Virtus Convertible & Income Fund Common Shares of Beneficial Interest
NCV$A,Virtus Convertible & Income Fund 5.625% Series A Cumulative Preferred Shares
NCV$A,Virtus Convertible & Income Fund 5.625% Series A Cumulative Preferred Shares
NCZ,Virtus Convertible & Income Fund II Common Shares of Beneficial Interest
NCZ,Virtus Convertible & Income Fund II Common Shares of Beneficial Interest
NCZ$A,Virtus Convertible & Income Fund II 5.50% Series A Cumulative Preferred Shares
NE,Noble Corporation plc A Ordinary Shares
NE.A,Noble Corporation plc Tranche 2 Warrants
NE.A,Noble Corporation plc Tranche 2 Warrants
NE.W,Noble Corporation plc Tranche 1 Warrants
NEE,"NextEra Energy, Inc. Common Stock"
NEE$N,"NextEra Energy, Inc. Series N Junior Subordinated Debentures due March 1, 2079"
NEE$N,"NextEra Energy, Inc. Series N Junior Subordinated Debentures due March 1, 2079"
NEE$R,"NextEra Energy, Inc. 6.926% Corporate Units"
NEE$R,"NextEra Energy, Inc. 6.926% Corporate Units"
NEE$S,"NextEra Energy, Inc. 7.299% Corporate Units"
NEE$S,"NextEra Energy, Inc. 7.299% Corporate Units"
NEE$T,"NextEra Energy, Inc. 7.234% Corporate Units"
NGL,NGL ENERGY PARTNERS LP Common Units representing Limited Partner Interests
NGL$B,NGL ENERGY PARTNERS LP 9.00% Class B Fixed
NGL$B,NGL ENERGY PARTNERS LP 9.00% Class B Fixed
NGL$C,NGL ENERGY PARTNERS LP 9.625% Class C Fixed
NGS,"Natural Gas Services Group, Inc. Common Stock"
NGVC,"Natural Grocers by Vitamin Cottage, Inc. Common Stock"
NLY,Annaly Capital Management Inc. Common Stock
NLY$F,Annaly Capital Management Inc 6.95% Series F
NLY$F,Annaly Capital Management Inc 6.95% Series F
NLY$G,Annaly Capital Management Inc 6.50% Series G Fixed
NLY$G,Annaly Capital Management Inc 6.50% Series G Fixed
NLY$I,Annaly Capital Management Inc 6.750% Series I Fixed
NMAI,Nuveen Multi
NMCO,Nuveen Municipal Credit Opportunities Fund Common Shares
NMS,Nuveen Minnesota Quality Municipal Income Fund 
NMT,Nuveen Massachusetts Quality Municipal Income Fund Common Stock
NMT,Nuveen Massachusetts Quality Municipal Income Fund Common Stock
NMZ,"Nuveen Municipal High Income Opportunity Fund Common Stock, $0.01 par value, per share"
NOTE,"FiscalNote Holdings, Inc. Class A common stock"
NOTE.W,"FiscalNote Holdings, Inc. Warrants to purchase one share of Class A common stock, each at an exercise price of $11.50 per share"
NPCT,Nuveen Core Plus Impact Fund Common Shares of Beneficial Interest
NPFD,Nuveen Variable Rate Preferred & Income Fund Common Shares
NPWR,NET Power Inc. Class A Common Stock
NPWR.W,"NET Power Inc. Redeemable warrants, each whole warrant exercisable for one share of Class A Common Stock at an exercise price of $11.50"
NREF,"NexPoint Real Estate Finance, Inc. Common Stock"
NREF$A,"NexPoint Real Estate Finance, Inc. 8.50% Series A Cumulative Redeemable Preferred Stock"
NRUC,National Rural Utilities Cooperative Finance Corporation 5.500% Subordinated Notes due 2064 (Subordinated Deferrable Interest Notes)
NSA,National Storage Affiliates Trust Common Shares of Beneficial Interest
NSA,National Storage Affiliates Trust Common Shares of Beneficial Interest
NSA$A,National Storage Affiliates Trust 6.000% Series A Cumulative Redeemable Preferred Shares of Beneficial Interest (Liquidation Preference $25.00 per share)
NSA$A,National Storage Affiliates Trust 6.000% Series A Cumulative Redeemable Preferred Shares of Beneficial Interest (Liquidation Preference $25.00 per share)
NSA$B,National Storage Affiliates Trust 6.000% Series B Cumulative Redeemable Preferred Shares of Beneficial Interest
NUVB,Nuvation Bio Inc. Class A Common Stock
NUVB.W,Nuvation Bio Inc. Warrants
NUW,Nuveen AMT
NVG,Nuveen AMT
NXDT,NexPoint Diversified Real Estate Trust Common Stock
NXDT$A,NexPoint Diversified Real Estate Trust 5.50% Series A Cumulative Preferred Shares ($25.00 liquidation preference per share)
NXJ,Nuveen New Jersey Qualified Municipal Fund 
NXN,Nuveen New York Select Tax
NXN,Nuveen New York Select Tax
NXP,Nuveen Select Tax Free Income Portfolio Common Stock
OAK$A,"Brookfield Oaktree Holdings, LLC 6.625% Series A Preferred Units"
OAK$B,"Brookfield Oaktree Holdings, LLC 6.550% Series B Preferred Units"
OPFI,OppFi Inc. Class A Common Stock
OPFI.W,OppFi Inc. Warrants
OPP,"RiverNorth/DoubleLine Strategic Opportunity Fund, Inc. Common Stock"
OPP$A,"RiverNorth/DoubleLine Strategic Opportunity Fund, Inc. 4.375% Series A Cumulative Preferred Stock"
OPP$A,"RiverNorth/DoubleLine Strategic Opportunity Fund, Inc. 4.375% Series A Cumulative Preferred Stock"
OPP$B,"RiverNorth/DoubleLine Strategic Opportunity Fund, Inc. 4.75% Series B Cumulative Preferred Stock"
OXY,Occidental Petroleum Corporation Common Stock
OXY.W,Occidental Petroleum Corporation Warrants 
PBI,Pitney Bowes Inc. Common Stock
PBI$B,Pitney Bowes Inc 6.70% Notes Due 2043
PBR,Petroleo Brasileiro S.A.
PBR.A,Petroleo Brasileiro S.A.
PEB,Pebblebrook Hotel Trust Common Shares of Beneficial Interest
PEB$E,Pebblebrook Hotel Trust 6.375% Series E Cumulative Redeemable Preferred Shares of Beneficial Interest
PEB$E,Pebblebrook Hotel Trust 6.375% Series E Cumulative Redeemable Preferred Shares of Beneficial Interest
PEB$F,Pebblebrook Hotel Trust 6.3% Series F Cumulative Redeemable Preferred Shares of Beneficial Interest
PEB$F,Pebblebrook Hotel Trust 6.3% Series F Cumulative Redeemable Preferred Shares of Beneficial Interest
PEB$G,Pebblebrook Hotel Trust 6.375% Series G Cumulative Redeemable Preferred Shares of Beneficial Interest
PEB$G,Pebblebrook Hotel Trust 6.375% Series G Cumulative Redeemable Preferred Shares of Beneficial Interest
PEB$H,Pebblebrook Hotel Trust 5.700% Series H Cumulative Redeemable Preferred Shares of Beneficial Interest
PERF,Perfect Corp. Class A Ordinary Share
PERF.W,"Perfect Corp. Warrants, each exercisable for one Class A Ordinary Share at a price of $11.50 per share"
PK,Park Hotels & Resorts Inc. Common Stock 
PKE,Park Aerospace Corp. Common Stock
PL,Planet Labs PBC Class A Common Stock
PL.W,"Planet Labs PBC Redeemable warrants, each whole warrant exercisable for one share of Class A common stock, each at an exercise price of $11.50 per share"
PMM,Putnam Managed Municipal Income Trust Common Stock
PMO,Putnam Municipal Opportunities Trust Common Stock
PMT,PennyMac Mortgage Investment Trust Common Shares of Beneficial Interest
PMT$A,PennyMac Mortgage Investment Trust 8.125% Series A Fixed
PMT$A,PennyMac Mortgage Investment Trust 8.125% Series A Fixed
PMT$B,PennyMac Mortgage Investment Trust 8.00% Series B Fixed
PMT$B,PennyMac Mortgage Investment Trust 8.00% Series B Fixed
PMT$C,PennyMac Mortgage Investment Trust 6.75% Series C Cumulative Redeemable Preferred Shares of Beneficial Interest
PMT$C,PennyMac Mortgage Investment Trust 6.75% Series C Cumulative Redeemable Preferred Shares of Beneficial Interest
PMTU,PennyMac Mortgage Investment Trust 8.50% Senior Notes due 2028
PRIF$D,"Priority Income Fund, Inc. 7.00% Series D Term Preferred Stock due 2029"
PRIF$F,"Priority Income Fund, Inc. 6.625% Series F Term Preferred Stock due 2027"
PRIF$F,"Priority Income Fund, Inc. 6.625% Series F Term Preferred Stock due 2027"
PRIF$H,"Priority Income Fund, Inc. 6.00% Series H Term Preferred Stock due 2026"
PRIF$H,"Priority Income Fund, Inc. 6.00% Series H Term Preferred Stock due 2026"
PRIF$I,"Priority Income Fund, Inc. 6.125% Series I Term Preferred Stock due 2028"
PRIF$I,"Priority Income Fund, Inc. 6.125% Series I Term Preferred Stock due 2028"
PRIF$J,"Priority Income Fund, Inc. 6.000% Series J Term Preferred Stock due 2028"
PRIF$J,"Priority Income Fund, Inc. 6.000% Series J Term Preferred Stock due 2028"
PRIF$K,"Priority Income Fund, Inc. 7.000% Series K Cumulative Preferred Stock"
PRIF$K,"Priority Income Fund, Inc. 7.000% Series K Cumulative Preferred Stock"
PRIF$L,"Priority Income Fund, Inc. 6.375% Series L Term Preferred Stock Due 2029"
PSA,Public Storage Common Stock
PSA$F,"Public Storage Depositary Shares Each Representing 1/1,000 of a 5.15% Cumulative Preferred Share of Beneficial Interest, Series F, par value $0.01 per share"
PSA$F,"Public Storage Depositary Shares Each Representing 1/1,000 of a 5.15% Cumulative Preferred Share of Beneficial Interest, Series F, par value $0.01 per share"
PSA$G,"Public Storage Depositary Shares, Each Representing 1/1,000 of a 5.05% Cumulative Preferred Share of Beneficial Interest, Series G"
PSA$G,"Public Storage Depositary Shares, Each Representing 1/1,000 of a 5.05% Cumulative Preferred Share of Beneficial Interest, Series G"
PSA$H,"Public Storage Depositary Shares Each Representing 1/1,000 of a  5.60% Cumulative Preferred  Share of Beneficial Interest, Series H"
PSA$H,"Public Storage Depositary Shares Each Representing 1/1,000 of a  5.60% Cumulative Preferred  Share of Beneficial Interest, Series H"
PSA$I,"Public Storage Depositary Shares Each Representing 1/1,000 of a 4.875% Cumulative Preferred Share of Beneficial Interest, Series I, par value $0.01 per share"
PSA$I,"Public Storage Depositary Shares Each Representing 1/1,000 of a 4.875% Cumulative Preferred Share of Beneficial Interest, Series I, par value $0.01 per share"
PSA$J,"Public Storage Depositary Shares Each Representing 1/1,000 of a 4.700% Cumulative Preferred Share of Beneficial Interest, Series J, par value $0.01 per share"
PSA$J,"Public Storage Depositary Shares Each Representing 1/1,000 of a 4.700% Cumulative Preferred Share of Beneficial Interest, Series J, par value $0.01 per share"
PSA$K,"Public Storage Depositary Shares Each Representing 1/1,000 of a 4.75% Cumulative Preferred Share of Beneficial Interest, Series K"
PSA$K,"Public Storage Depositary Shares Each Representing 1/1,000 of a 4.75% Cumulative Preferred Share of Beneficial Interest, Series K"
PSA$L,"Public Storage Depositary Shares Each Representing 1/1,000 of a 4.625% Cumulative Preferred Share of Beneficial Interest, Series L, par value $0.01 per share"
PSA$L,"Public Storage Depositary Shares Each Representing 1/1,000 of a 4.625% Cumulative Preferred Share of Beneficial Interest, Series L, par value $0.01 per share"
PSA$M,"Public Storage Depositary Shares Each Representing 1/1,000 of a 4.125% Cumulative Preferred Share of Beneficial Interest, Series M"
PSA$M,"Public Storage Depositary Shares Each Representing 1/1,000 of a 4.125% Cumulative Preferred Share of Beneficial Interest, Series M"
PSA$N,"Public Storage Depositary Shares Each Representing 1/1,000 of a 3.875% Cumulative Preferred Share of Beneficial Interest, Series N"
PSA$N,"Public Storage Depositary Shares Each Representing 1/1,000 of a 3.875% Cumulative Preferred Share of Beneficial Interest, Series N"
PSA$O,"Public Storage Depositary Shares Each Representing 1/1,000 of a 3.900% Cumulative Preferred Share of Beneficial Interest, Series O"
PSA$O,"Public Storage Depositary Shares Each Representing 1/1,000 of a 3.900% Cumulative Preferred Share of Beneficial Interest, Series O"
PSA$P,"Public Storage Depositary Shares Each Representing 1/1,000 of a 4.000% Cumulative Preferred Share of Bene cial Interest, Series P"
PSA$P,"Public Storage Depositary Shares Each Representing 1/1,000 of a 4.000% Cumulative Preferred Share of Bene cial Interest, Series P"
PSA$Q,"Public Storage Depositary Shares Each Representing 1/1,000 of a 3.950% Cumulative Preferred Share of Beneficial Interest, Series Q, par value $0.01 per share"
PSA$Q,"Public Storage Depositary Shares Each Representing 1/1,000 of a 3.950% Cumulative Preferred Share of Beneficial Interest, Series Q, par value $0.01 per share"
PSA$R,"Public Storage Depositary Shares Each Representing 1/1,000 of a 4.00% Cumulative Preferred Share of Bene cial Interest, Series R"
PSA$R,"Public Storage Depositary Shares Each Representing 1/1,000 of a 4.00% Cumulative Preferred Share of Bene cial Interest, Series R"
PSA$S,"Public Storage Depositary Shares Each Representing 1/1,000 of a 4.100% Cumulative Preferred Share of Beneficial Interest, Series S"
PSFE,Paysafe Limited Common Shares
PSFE.W,"Paysafe Limited Warrants, exercisable for one Common Share of Paysafe Limited at a price of $11.50 per share"
PSQH,"PSQ Holdings, Inc. Class A Common Stock"
PSQH.W,"PSQ Holdings, Inc. Warrants, each exercisable for one share of Class A common stock at an exercise price of $11.50 per share"
QBTS,D
QBTS.W,D
QVCC,"QVC, Inc. 6.250% Senior Secured Notes due 2068"
QVCD,"QVC, Inc. 6.375% Senior Secured Notes due 2067"
RBOT,Vicarious Surgical Inc. Class A Common Stock
RBOT.W,"Vicarious Surgical Inc. Warrants, each whole warrant exercisable for one share of Class A Common Stock at an exercise price of $11.50 per share"
RC,Ready Capital Corporation Common Stock
RC$C,Ready Capital Corporation 6.25% Series C Cumulative Convertible Preferred Stock
RC$C,Ready Capital Corporation 6.25% Series C Cumulative Convertible Preferred Stock
RC$E,Ready Capital Corporation 6.50% Series E Cumulative Redeemable Preferred Stock
RC$E,Ready Capital Corporation 6.50% Series E Cumulative Redeemable Preferred Stock
RCB,Ready Capital Corporation 6.20% Senior Notes due 2026
RCB,Ready Capital Corporation 6.20% Senior Notes due 2026
RCC,Ready Capital Corporation 5.75% Senior Notes due 2026
RCC,Ready Capital Corporation 5.75% Senior Notes due 2026
RCD,Ready Capital Corporation 9.00% Senior Notes due 2029
RDW,Redwire Corporation Common Stock
RDW.W,Redwire Corporation Redeemable Warrants
REXR,"Rexford Industrial Realty, Inc. Common Stock"
REXR$B,"Rexford Industrial Realty, Inc. 5.875% Series B Cumulative Redeemable Preferred Stock"
REXR$B,"Rexford Industrial Realty, Inc. 5.875% Series B Cumulative Redeemable Preferred Stock"
REXR$C,"Rexford Industrial Realty, Inc. 5.625% Series C Cumulative Redeemable Preferred Stock, par value $0.01 per share"
RF,Regions Financial Corporation Common Stock
RF$C,"Regions Financial Corporation Depositary Shares, each Representing a 1/40th Interest in a  Share of 5.700% Fixed"
RF$C,"Regions Financial Corporation Depositary Shares, each Representing a 1/40th Interest in a  Share of 5.700% Fixed"
RF$E,"Regions Financial Corporation Depositary Shares, Each Representing a 1/40th Interest in a Share of 4.45% Non"
RF$E,"Regions Financial Corporation Depositary Shares, Each Representing a 1/40th Interest in a Share of 4.45% Non"
RF$F,Regions Financial Corporation Depositary Shares Each Representing a 1/40th Interest in a Share of Non
RFM,"RiverNorth Flexible Municipal Income Fund, Inc. Common Stock"
RFMZ,"RiverNorth Flexible Municipal Income Fund II, Inc. Common Stock"
RITM,Rithm Capital Corp. Common Stock
RITM$A,Rithm Capital Corp. 7.50% Series A Fixed
RITM$A,Rithm Capital Corp. 7.50% Series A Fixed
RITM$B,Rithm Capital Corp. 7.125% Series B Fixed
RITM$B,Rithm Capital Corp. 7.125% Series B Fixed
RITM$C,Rithm Capital Corp. 6.375% Series C Fixed
RITM$C,Rithm Capital Corp. 6.375% Series C Fixed
RITM$D,Rithm Capital Corp. 7.00% Fixed
RIV,"RiverNorth Opportunities Fund, Inc. Common Stock"
RIV$A,"RiverNorth Opportunities Fund, Inc. 6.00% Series A Perpetual Preferred Stock"
RJF,"Raymond James Financial, Inc. Common Stock"
RJF$B,"Raymond James Financial, Inc. Depositary Shares, each representing a 1/40th interest in a share of 6.375% Fixed"
RLJ,RLJ Lodging Trust Common Shares of Beneficial Interest $0.01 par value
RLJ$A,RLJ Lodging Trust $1.95 Series A Cumulative Convertible  Preferred Shares
RMI,"RiverNorth Opportunistic Municipal Income Fund, Inc. Common Stock"
RMM,"RiverNorth Managed Duration Municipal Income Fund, Inc. Common Stock"
RMM,"RiverNorth Managed Duration Municipal Income Fund, Inc. Common Stock"
RMMZ,"RiverNorth Managed Duration Municipal Income Fund II, Inc. Common Stock"
RNR,RenaissanceRe Holdings Ltd. Common Stock
RNR$F,"RenaissanceRe Holdings Ltd. Depositary Shares, each Representing a 1/1,000th Interest in a 5.750% Series F Preference Share"
RNR$F,"RenaissanceRe Holdings Ltd. Depositary Shares, each Representing a 1/1,000th Interest in a 5.750% Series F Preference Share"
RNR$G,"RenaissanceRe Holdings Ltd. Depositary Shares, each representing a 1/1,000th interest in a share of 4.20% Series G Preference Shares"
RWT,"Redwood Trust, Inc. Common Stock"
RWT$A,"Redwood Trust, Inc. 10.00% Series A Fixed"
RWT$A,"Redwood Trust, Inc. 10.00% Series A Fixed"
RWTN,"Redwood Trust, Inc. 9.125% Senior Notes Due 2029"
RWTN,"Redwood Trust, Inc. 9.125% Senior Notes Due 2029"
RWTO,"Redwood Trust, Inc. 9.00% Senior Notes Due 2029"
RZB,"Reinsurance Group of America, Incorporated 5.75% Fixed"
RZC,"Reinsurance Group of America, Incorporated 7.125% Fixed"
SAT,Saratoga Investment Corp 6.00% Notes due 2027
SAY,Saratoga Investment Corp 8.125% Notes due 2027
SAY,Saratoga Investment Corp 8.125% Notes due 2027
SAZ,Saratoga Investment Corp 8.50% Notes due 2028
SB,"Safe Bulkers, Inc Common Stock ($0.001 par value)"
SB$C,"Safe Bulkers, Inc Cumulative Redeemable Perpetual Preferred Series C (Marshall Islands)"
SB$C,"Safe Bulkers, Inc Cumulative Redeemable Perpetual Preferred Series C (Marshall Islands)"
SB$D,"Safe Bulkers, Inc Perpetual Preferred Series D (Marshall Islands)"
SBXD,SilverBox Corp IV Class A Ordinary Shares
SBXD.U,"SilverBox Corp IV Units, each consisting of one Class A ordinary share and one"
SBXD.U,"SilverBox Corp IV Units, each consisting of one Class A ordinary share and one"
SBXD.W,"SilverBox Corp IV Redeemable warrants, each whole warrant exercisable for one Class A Ordinary Share at an exercise price of $11.50"
SCE$J,Southern California Edison Company 5.375% Fixed
SCE$K,Southern California Edison Company 5.45% Fixed
SCE$L,SCE TRUST VI
SCE$M,SCE Trust VII 7.50% Trust Preference Securities
SCE$M,SCE Trust VII 7.50% Trust Preference Securities
SCE$N,SCE Trust VIII 6.95% Trust Preference Securities
SCHW$D,The Charles Schwab Corporation Depositary Shares each representing 1/40th interest in a share of 5.95% Non
SCHW$J,"The Charles Schwab Corporation Depositary Shares, Each Representing a 1/40th Interest in a Share of 4.450% Non"
SEAL$A,Seapeak LLC 9.00% Series A Cumulative Redeemable Perpetual Preferred Units
SEAL$B,Seapeak LLC 8.50% Series B Fixed
SES,SES AI Corporation Class A Common Stock
SES.W,"SES AI Corporation Warrants, each whole warrant exercisable for one share of Class A Common Stock at an exercise price of $11.50 per share"
SF,Stifel Financial Corporation Common Stock
SF$B,"Stifel Financial Corporation Depositary Shares, Each Representing 1/1,000th  Interest in a Share of 6.25% Non"
SF$B,"Stifel Financial Corporation Depositary Shares, Each Representing 1/1,000th  Interest in a Share of 6.25% Non"
SF$C,"Stifel Financial Corporation Depositary Shares, Each Representing 1/1,000th Interest in a Share of 6.125% Non Cumulative Preferred Stock, Series C"
SF$C,"Stifel Financial Corporation Depositary Shares, Each Representing 1/1,000th Interest in a Share of 6.125% Non Cumulative Preferred Stock, Series C"
SF$D,"Stifel Financial Corporation Depositary Shares, Each Representing 1/1,000th Interest in a Share of 4.50% Non"
SF$D,"Stifel Financial Corporation Depositary Shares, Each Representing 1/1,000th Interest in a Share of 4.50% Non"
SFB,Stifel Financial Corporation 5.20% Senior Notes due 2047
SHO,"Sunstone Hotel Investors, Inc. Sunstone Hotel Investors, Inc. Common Shares"
SHO$H,"Sunstone Hotel Investors, Inc. 6.125% Series H Cumulative Redeemable Preferred Stock"
SHO$H,"Sunstone Hotel Investors, Inc. 6.125% Series H Cumulative Redeemable Preferred Stock"
SHO$I,"Sunstone Hotel Investors, Inc. 5.70% Series I Cumulative Redeemable Preferred Stock"
SLG,SL Green Realty Corp Common Stock
SLG$I,SL Green Realty Corporation Preferred Series I
SNA,Snap
SNAP,Snap Inc. Class A Common Stock
SNV,Synovus Financial Corp. Common Stock
SNV$D,Synovus Financial Corp. Fixed
SNV$D,Synovus Financial Corp. Fixed
SNV$E,Synovus Financial Corp. 5.875% Fixed
SOJC,"Southern Company (The) Series 2017B 5.25% Junior Subordinated Notes due December 1, 2077"
SOJD,"Southern Company (The) Series 2020A 4.95% Junior Subordinated Notes due January 30, 2080"
SOJD,"Southern Company (The) Series 2020A 4.95% Junior Subordinated Notes due January 30, 2080"
SOJE,"Southern Company (The) Series 2020C 4.20% Junior Subordinated Notes due October 15, 2060"
SOJE,"Southern Company (The) Series 2020C 4.20% Junior Subordinated Notes due October 15, 2060"
SOJF,"Southern Company (The) Series 2025A 6.50% Junior Subordinated Notes due March 15, 2085"
SPE,"Special Opportunities Fund, Inc Common Stock"
SPE$C,"Special Opportunities Fund Inc. 2.75% Convertible Preferred Stock, Series C"
SPG,"Simon Property Group, Inc. Common Stock"
SPG$J,"Simon Property Group, Inc. Simon Property Group 8 3/8% Series J Cumulative Redeemable Preferred Stock"
SPLP,Steel Partners Holdings LP LTD PARTNERSHIP UNIT
SPLP$A,"Steel Partners Holdings LP 6.0% Series A Preferred Units, no par value"
SPMA,"Sound Point Meridian Capital, Inc. 8.00% Series A Preferred Shares Due 2029"
SPMC,"Sound Point Meridian Capital, Inc. Common Stock"
SPNT,SiriusPoint Ltd. Common Shares
SPNT$B,"SiriusPoint Ltd. 8.00% Resettable Fixed Rate Preference Shares, Series B, $25.00 liquidation preference per share"
SR,Spire Inc. Common Stock
SR$A,"Spire Inc. Depositary Shares, each representing a 1/1,000th interest in a share of 5.90% Series A Cumulative Redeemable Perpetual Preferred Stock"
SRE,DBA Sempra Common Stock
SREA,DBA Sempra 5.750% Junior Subordinated Notes due 2079
SRG,Seritage Growth Properties Class A Common Stock
SRG$A,Seritage Growth Properties 7.00% Series A Cumulative Redeemable Preferred Shares of Beneficial Interest
SST,"System1, Inc. Class A Common Stock"
SST.W,"System1, Inc. Warrants, each whole warrant exercisable for one share of Class A Common Stock at an exercise price of $11.50 per share"
STT,State Street Corporation Common Stock
STT$G,"State Street Corporation Depositary shares, each representing a 1/4,000th ownership interest in a share of Fixed"
STXD,EA Series Trust Strive 1000 Dividend Growth ETF
STXE,EA Series Trust Strive Emerging Markets Ex
STXE,EA Series Trust Strive Emerging Markets Ex
STXG,EA Series Trust Strive 1000 Growth ETF
STXG,EA Series Trust Strive 1000 Growth ETF
STXI,EA Series Trust Strive International Developed Markets ETF
STXI,EA Series Trust Strive International Developed Markets ETF
STXK,EA Series Trust Strive Small
STXK,EA Series Trust Strive Small
STXM,EA Series Trust Strive Mid
STXM,EA Series Trust Strive Mid
STXT,EA Series Trust Strive Total Return Bond ETF
STXT,EA Series Trust Strive Total Return Bond ETF
STXV,EA Series Trust Strive 1000 Value ETF
SYF,Synchrony Financial Common Stock
SYF$A,"Synchrony Financial Depositary Shares, each Representing a 1/40th Interest in a Share of 5.625% Fixed Rate Non"
SYF$A,"Synchrony Financial Depositary Shares, each Representing a 1/40th Interest in a Share of 5.625% Fixed Rate Non"
SYF$B,Synchrony Financial Depositary Shares Each Representing a 1/40th Interest in a Share of 8.250% Fixed Rate Reset Non
T,AT&T Inc.
T$A,"AT&T Inc. Depositary Shares, each representing a 1/1,000th interest in a share of 5.000% Perpetual Preferred Stock, Series A"
T$A,"AT&T Inc. Depositary Shares, each representing a 1/1,000th interest in a share of 5.000% Perpetual Preferred Stock, Series A"
T$C,"AT&T Inc. Depositary Shares, each representing a 1/1,000th interest in a share of 4.750% Perpetual Preferred Stock, Series C"
TAP,Molson Coors Beverage Company Class B Common Stock
TAP.A,Molson Coors Beverage Company Class A Common Stock
TDS,"Telephone and Data Systems, Inc. Common Shares"
TDS$U,"Telephone and Data Systems, Inc. Depositary Shares, Each Representing a 1/1,000th Interest in a 6.625% Series UU Cumulative Redeemable Perpetual Preferred Stock"
TDS$U,"Telephone and Data Systems, Inc. Depositary Shares, Each Representing a 1/1,000th Interest in a 6.625% Series UU Cumulative Redeemable Perpetual Preferred Stock"
TDS$V,"Telephone and Data Systems, Inc. Depositary Shares, Each Representing a 1/1,000th Interest in a 6.000% Series VV Cumulative Redeemable Perpetual Preferred Stock"
TEN,Tsakos Energy Navigation Ltd Common Shares
TEN$E,Tsakos Energy Navigation Ltd Series E Fixed
TEN$E,Tsakos Energy Navigation Ltd Series E Fixed
TEN$F,Tsakos Energy Navigation Ltd Series F Fixed
TFC,Truist Financial Corporation Common Stock
TFC$I,Truist Financial Corporation Depositary Shares
TFC$I,Truist Financial Corporation Depositary Shares
TFC$O,"Truist Financial Corporation Depositary Shares, Each Representing a 1/1,000th Interest in a Share of Series O Non"
TFC$O,"Truist Financial Corporation Depositary Shares, Each Representing a 1/1,000th Interest in a Share of Series O Non"
TFC$R,"Truist Financial Corporation Depositary Shares, each representing 1/1,000th interest in a share of Series R Non"
THIR,THOR Financial Technologies Trust THOR Index Rotation ETF
THLV,THOR Equal Weight Low Volatility ETF
TRTN$A,Triton International Limited 8.50% Series A Cumulative Redeemable Perpetual  Preference Shares
TRTN$B,Triton International Limited 8.00% Series B Cumulative Redeemable Perpetual Preference Shares
TRTN$B,Triton International Limited 8.00% Series B Cumulative Redeemable Perpetual Preference Shares
TRTN$C,Triton International Limited 7.375% Series C Cumulative Redeemable Perpetual Preference Shares
TRTN$C,Triton International Limited 7.375% Series C Cumulative Redeemable Perpetual Preference Shares
TRTN$D,Triton International Limited 6.875% Series D Cumulative Redeemable Perpetual Preference Shares
TRTN$D,Triton International Limited 6.875% Series D Cumulative Redeemable Perpetual Preference Shares
TRTN$E,Triton International Limited 5.75% Series E Cumulative Redeemable Perpetual Preference Shares
TRTX,"TPG RE Finance Trust, Inc. Common Stock"
TRTX$C,"TPG RE Finance Trust, Inc. 6.25% Series C Cumulative Redeemable Preferred Stock, $0.001 par value per share"
TVC,Tennessee Valley Authority Common Stock
TVE,Tennessee Valley Authority
TWO,Two Harbors Investment Corp
TWO$A,Two Harbors Investments Corp 8.125% Series A Fixed
TWO$A,Two Harbors Investments Corp 8.125% Series A Fixed
TWO$B,Two Harbors Investments Corp 7.625% Series B Fixed
TWO$B,Two Harbors Investments Corp 7.625% Series B Fixed
TWO$C,Two Harbors Investments Corp 7.25% Series C Fixed
TY,Tri Continental Corporation Common Stock
TY$,Tri Continental Corporation Preferred Stock
UA,"Under Armour, Inc. Class C Common Stock"
UAA,"Under Armour, Inc. Class A Common Stock"
UCB,"United Community Banks, Inc. Common Stock"
UCB$I,"United Community Banks, Inc. Depositary Shares, each representing 1/1000th interest in a share of Series I Non"
UHAL,U
UHAL.B,U
UHS,"Universal Health Services, Inc. Common Stock"
UHT,Universal Health Realty Income Trust Common Stock
UMH,"UMH Properties, Inc. Common Stock"
UMH$D,"UMH Properties, Inc. 6.375% Series D Cumulative Redeemable Preferred Stock, Liquidation Preference $25 per share"
UNM,Unum Group Common Stock
UNMA,Unum Group 6.250% Junior Subordinated Notes due 2058
UPS,"United Parcel Service, Inc. Common Stock"
URI,"United Rentals, Inc. Common Stock"
USB,U.S. Bancorp Common Stock
USB$A,"U.S. Bancorp Depositary Shares, Each representing a 1/100th interest in a share of Series A Non"
USB$A,"U.S. Bancorp Depositary Shares, Each representing a 1/100th interest in a share of Series A Non"
USB$H,U.S. Bancorp Depositary Shares repstg 1/1000th Pfd Ser B
USB$H,U.S. Bancorp Depositary Shares repstg 1/1000th Pfd Ser B
USB$P,"U.S. Bancorp Depositary Shares each representing a 1/1,000th interest in a share of Series K Non"
USB$P,"U.S. Bancorp Depositary Shares each representing a 1/1,000th interest in a share of Series K Non"
USB$Q,"U.S. Bancorp Depositary Shares, Each Representing a 1/1,000th Interest in a Share of Series L Non"
USB$Q,"U.S. Bancorp Depositary Shares, Each Representing a 1/1,000th Interest in a Share of Series L Non"
USB$R,"U.S. Bancorp Depositary Shares, Each Representing a 1/1,000th Interest in a Share of Series M Non"
USB$R,"U.S. Bancorp Depositary Shares, Each Representing a 1/1,000th Interest in a Share of Series M Non"
USB$S,"U.S. Bancorp Depositary Shares, each representing a 1/1,000th interest in a share of Series O Non"
UWMC,UWM Holdings Corporation Class A Common Stock
UWMC.W,UWM Holdings Corporation Warrant
UZD,United States Cellular Corporation 6.250% Senior Notes due 2069
UZE,United States Cellular Corporation 5.500% Senior Notes due 2070
UZE,United States Cellular Corporation 5.500% Senior Notes due 2070
UZF,United States Cellular Corporation 5.500% Senior Notes due 2070
VAL,Valaris Limited Common Shares
VAL.W,Valaris Limited Warrants
VBF,Invesco Bond Fund Common Stock
VCV,Invesco California Value Municipal Income Trust Common Stock
VLN,Valens Semiconductor Ltd. Ordinary Shares
VLN.W,"Valens Semiconductor Ltd. Warrants, each warrant to purchase one"
VNO,Vornado Realty Trust Common Stock
VNO$L,Vornado Realty Trust Pfd Ser L %
VNO$L,Vornado Realty Trust Pfd Ser L %
VNO$M,"Vornado Realty Trust 5.25% Series M Cumulative Redeemable Preferred Shares of Beneficial Interest, liquidation preference $25.00 per share, no par value per share"
VNO$M,"Vornado Realty Trust 5.25% Series M Cumulative Redeemable Preferred Shares of Beneficial Interest, liquidation preference $25.00 per share, no par value per share"
VNO$N,"Vornado Realty Trust 5.25% Series N Cumulative Redeemable Preferred Shares of Beneficial Interest, liquidation preference $25.00 per share"
VNO$N,"Vornado Realty Trust 5.25% Series N Cumulative Redeemable Preferred Shares of Beneficial Interest, liquidation preference $25.00 per share"
VNO$O,"Vornado Realty Trust 4.45% Series O Cumulative Redeemable Preferred Shares, Liquidation Preference $25.00 Per Share"
VOYA,"Voya Financial, Inc. Common Stock"
VOYA$B,"Voya Financial, Inc. Depositary Shares, each representing a 1/40th interest in a share of 5.35% Fixed"
WAL,Western Alliance Bancorporation Common Stock (DE)
WAL$A,"Western Alliance Bancorporation Depositary Shares, Each Representing a 1/400th Interest in a Share of 4.250% Fixed"
WBS,Webster Financial Corporation Common Stock
WBS$F,"Webster Financial Corporation Depositary Shares, Each Representing 1/1,000th Interest in a Share of 5.25% Series F Non"
WBS$F,"Webster Financial Corporation Depositary Shares, Each Representing 1/1,000th Interest in a Share of 5.25% Series F Non"
WBS$G,"Webster Financial Corporation Depositary Shares, each representing a 1/40th interest in a share of 6.50% Series G non"
WBX,Wallbox N.V. Class A Ordinary Shares
WBX.W,"Wallbox N.V. Warrants, each warrant to purchase one Class A Ordinary Share"
WCC,"WESCO International, Inc. Common Stock"
WCC$A,"WESCO International, Inc. Depositary Shares each representing 1/1,000th interest in a share of Series A Fixed"
WFC,Wells Fargo & Company Common Stock
WFC$A,"Wells Fargo & Company Depositary Shares, each representing a 1/1,000th interest in a share of Non"
WFC$A,"Wells Fargo & Company Depositary Shares, each representing a 1/1,000th interest in a share of Non"
WFC$C,"Wells Fargo & Company Depositary Shares, each representing a 1/1,000th interest in a share of Non"
WFC$C,"Wells Fargo & Company Depositary Shares, each representing a 1/1,000th interest in a share of Non"
WFC$D,"Wells Fargo & Company Depositary Shares, each representing a 1/1,000th interest in  a share of Non"
WFC$D,"Wells Fargo & Company Depositary Shares, each representing a 1/1,000th interest in  a share of Non"
WFC$L,Wells Fargo & Company 7.50% Non
WFC$L,Wells Fargo & Company 7.50% Non
WFC$Y,"Wells Fargo & Company Depositary Shares, each representing a 1/1,000th interest in a share of Non"
WFC$Y,"Wells Fargo & Company Depositary Shares, each representing a 1/1,000th interest in a share of Non"
WFC$Z,"Wells Fargo & Company Depositary Shares, each representing a 1/1,000th interest in a share of Non"
WLK,Westlake Corporation Common Stock
WLKP,Westlake Chemical Partners LP Common Units representing limited partner interests
WLY,"John Wiley & Sons, Inc. Common Stock"
WLYB,"John Wiley & Sons, Inc. Common Stock"
WRB,W.R. Berkley Corporation Common Stock
WRB$E,W.R. Berkley Corporation 5.70% Subordinated Debentures due 2058
WRB$E,W.R. Berkley Corporation 5.70% Subordinated Debentures due 2058
WRB$F,W.R. Berkley Corporation 5.10% Subordinated Debentures due 2059
WRB$F,W.R. Berkley Corporation 5.10% Subordinated Debentures due 2059
WRB$G,W.R. Berkley Corporation 4.25% Subordinated Debentures due 2060
WRB$G,W.R. Berkley Corporation 4.25% Subordinated Debentures due 2060
WRB$H,W.R. Berkley Corporation 4.125% Subordinated Debentures due 2061
WSO,"Watsco, Inc. Common Stock"
WSO.B,"Watsco, Inc. Class B Common Stock"
XFLT,XAI Octagon Floating Rate & Alternative Income Trust Common Shares of Beneficial Interest
XFLT$A,"XAI Octagon Floating Rate & Alternative Income Trust 6.50% Series 2026 Term Preferred Shares, (Liquidation Preference $25.00)"
